path,page_num,scanned,label
/content/drive/MyDrive/Mining documents/MiningData/YESAB Files/Government of Canada Comments on Response to Information Request No. 5.pdf,1,True,correspondence
/content/drive/MyDrive/Mining documents/MiningData/YESAB Files/Project Proposal/14 Appendix 7G Aquatic Ecology Baseline.pdf,1,False,other
/content/drive/MyDrive/Mining documents/MiningData/YESAB Files/Project Proposal/14 Appendix 7G Aquatic Ecology Baseline.pdf,2,False,other
/content/drive/MyDrive/Mining documents/MiningData/YESAB Files/Project Proposal/14 Appendix 7G Aquatic Ecology Baseline.pdf,3,False,other
/content/drive/MyDrive/Mining documents/MiningData/YESAB Files/Project Proposal/14 Appendix 7G Aquatic Ecology Baseline.pdf,4,False,other
/content/drive/MyDrive/Mining documents/MiningData/YESAB Files/Project Proposal/14 Appendix 7G Aquatic Ecology Baseline.pdf,5,False,other
/content/drive/MyDrive/Mining documents/MiningData/YESAB Files/Project Proposal/14 Appendix 7G Aquatic Ecology Baseline.pdf,6,False,other
/content/drive/MyDrive/Mining documents/MiningData/YESAB Files/Project Proposal/14 Appendix 7G Aquatic Ecology Baseline.pdf,7,False,other
/content/drive/MyDrive/Mining documents/MiningData/YESAB Files/Project Proposal/14 Appendix 7G Aquatic Ecology Baseline.pdf,8,False,chart
/content/drive/MyDrive/Mining documents/MiningData/YESAB Files/Project Proposal/14 Appendix 7G Aquatic Ecology Baseline.pdf,9,False,other
/content/drive/MyDrive/Mining documents/MiningData/YESAB Files/Project Proposal/14 Appendix 7G Aquatic Ecology Baseline.pdf,10,False,other
/content/drive/MyDrive/Mining documents/MiningData/YESAB Files/Project Proposal/14 Appendix 7G Aquatic Ecology Baseline.pdf,11,False,map
/content/drive/MyDrive/Mining documents/MiningData/YESAB Files/Project Proposal/14 Appendix 7G Aquatic Ecology Baseline.pdf,12,False,other
/content/drive/MyDrive/Mining documents/MiningData/YESAB Files/Project Proposal/14 Appendix 7G Aquatic Ecology Baseline.pdf,13,False,other
/content/drive/MyDrive/Mining documents/MiningData/YESAB Files/Project Proposal/14 Appendix 7G Aquatic Ecology Baseline.pdf,14,False,map
/content/drive/MyDrive/Mining documents/MiningData/YESAB Files/Project Proposal/14 Appendix 7G Aquatic Ecology Baseline.pdf,15,False,map
/content/drive/MyDrive/Mining documents/MiningData/YESAB Files/Project Proposal/14 Appendix 7G Aquatic Ecology Baseline.pdf,16,False,map
/content/drive/MyDrive/Mining documents/MiningData/YESAB Files/Project Proposal/14 Appendix 7G Aquatic Ecology Baseline.pdf,17,False,other
/content/drive/MyDrive/Mining documents/MiningData/YESAB Files/Project Proposal/14 Appendix 7G Aquatic Ecology Baseline.pdf,18,False,table
/content/drive/MyDrive/Mining documents/MiningData/YESAB Files/Project Proposal/14 Appendix 7G Aquatic Ecology Baseline.pdf,19,False,table
/content/drive/MyDrive/Mining documents/MiningData/YESAB Files/Project Proposal/14 Appendix 7G Aquatic Ecology Baseline.pdf,20,False,table
/content/drive/MyDrive/Mining documents/MiningData/YESAB Files/Project Proposal/14 Appendix 7G Aquatic Ecology Baseline.pdf,21,False,other
/content/drive/MyDrive/Mining documents/MiningData/YESAB Files/Project Proposal/14 Appendix 7G Aquatic Ecology Baseline.pdf,22,False,other
/content/drive/MyDrive/Mining documents/MiningData/YESAB Files/Project Proposal/14 Appendix 7G Aquatic Ecology Baseline.pdf,23,False,other
/content/drive/MyDrive/Mining documents/MiningData/YESAB Files/Project Proposal/14 Appendix 7G Aquatic Ecology Baseline.pdf,24,False,chart
/content/drive/MyDrive/Mining documents/MiningData/YESAB Files/Project Proposal/14 Appendix 7G Aquatic Ecology Baseline.pdf,25,False,table
/content/drive/MyDrive/Mining documents/MiningData/YESAB Files/Project Proposal/14 Appendix 7G Aquatic Ecology Baseline.pdf,26,False,chart
/content/drive/MyDrive/Mining documents/MiningData/YESAB Files/Project Proposal/14 Appendix 7G Aquatic Ecology Baseline.pdf,27,False,chart
/content/drive/MyDrive/Mining documents/MiningData/YESAB Files/Project Proposal/14 Appendix 7G Aquatic Ecology Baseline.pdf,28,False,chart
/content/drive/MyDrive/Mining documents/MiningData/YESAB Files/Project Proposal/14 Appendix 7G Aquatic Ecology Baseline.pdf,29,False,table
/content/drive/MyDrive/Mining documents/MiningData/YESAB Files/Project Proposal/14 Appendix 7G Aquatic Ecology Baseline.pdf,30,False,table
/content/drive/MyDrive/Mining documents/MiningData/YESAB Files/Project Proposal/14 Appendix 7G Aquatic Ecology Baseline.pdf,31,False,chart
/content/drive/MyDrive/Mining documents/MiningData/YESAB Files/Project Proposal/14 Appendix 7G Aquatic Ecology Baseline.pdf,31,False,table
/content/drive/MyDrive/Mining documents/MiningData/YESAB Files/Project Proposal/14 Appendix 7G Aquatic Ecology Baseline.pdf,32,False,chart
/content/drive/MyDrive/Mining documents/MiningData/YESAB Files/Project Proposal/14 Appendix 7G Aquatic Ecology Baseline.pdf,33,False,chart
/content/drive/MyDrive/Mining documents/MiningData/YESAB Files/Project Proposal/14 Appendix 7G Aquatic Ecology Baseline.pdf,34,False,table
/content/drive/MyDrive/Mining documents/MiningData/YESAB Files/Project Proposal/14 Appendix 7G Aquatic Ecology Baseline.pdf,35,False,table
/content/drive/MyDrive/Mining documents/MiningData/YESAB Files/Project Proposal/14 Appendix 7G Aquatic Ecology Baseline.pdf,36,False,table
/content/drive/MyDrive/Mining documents/MiningData/YESAB Files/Project Proposal/14 Appendix 7G Aquatic Ecology Baseline.pdf,37,False,table
/content/drive/MyDrive/Mining documents/MiningData/YESAB Files/Project Proposal/14 Appendix 7G Aquatic Ecology Baseline.pdf,37,False,chart
/content/drive/MyDrive/Mining documents/MiningData/YESAB Files/Project Proposal/14 Appendix 7G Aquatic Ecology Baseline.pdf,38,False,table
/content/drive/MyDrive/Mining documents/MiningData/YESAB Files/Project Proposal/14 Appendix 7G Aquatic Ecology Baseline.pdf,39,False,chart
/content/drive/MyDrive/Mining documents/MiningData/YESAB Files/Project Proposal/14 Appendix 7G Aquatic Ecology Baseline.pdf,40,False,other
/content/drive/MyDrive/Mining documents/MiningData/YESAB Files/Project Proposal/14 Appendix 7G Aquatic Ecology Baseline.pdf,41,False,chart
/content/drive/MyDrive/Mining documents/MiningData/YESAB Files/Project Proposal/14 Appendix 7G Aquatic Ecology Baseline.pdf,42,False,chart
/content/drive/MyDrive/Mining documents/MiningData/YESAB Files/Project Proposal/14 Appendix 7G Aquatic Ecology Baseline.pdf,43,False,other
/content/drive/MyDrive/Mining documents/MiningData/YESAB Files/Project Proposal/14 Appendix 7G Aquatic Ecology Baseline.pdf,44,False,table
/content/drive/MyDrive/Mining documents/MiningData/YESAB Files/Project Proposal/14 Appendix 7G Aquatic Ecology Baseline.pdf,45,False,table
/content/drive/MyDrive/Mining documents/MiningData/YESAB Files/Project Proposal/14 Appendix 7G Aquatic Ecology Baseline.pdf,46,False,other
/content/drive/MyDrive/Mining documents/MiningData/YESAB Files/Project Proposal/14 Appendix 7G Aquatic Ecology Baseline.pdf,47,False,table
/content/drive/MyDrive/Mining documents/MiningData/YESAB Files/Project Proposal/14 Appendix 7G Aquatic Ecology Baseline.pdf,48,False,other
/content/drive/MyDrive/Mining documents/MiningData/YESAB Files/Project Proposal/14 Appendix 7G Aquatic Ecology Baseline.pdf,49,False,other
/content/drive/MyDrive/Mining documents/MiningData/YESAB Files/Project Proposal/14 Appendix 7G Aquatic Ecology Baseline.pdf,50,False,table
/content/drive/MyDrive/Mining documents/MiningData/YESAB Files/Project Proposal/14 Appendix 7G Aquatic Ecology Baseline.pdf,51,False,chart
/content/drive/MyDrive/Mining documents/MiningData/YESAB Files/Project Proposal/14 Appendix 7G Aquatic Ecology Baseline.pdf,52,False,chart
/content/drive/MyDrive/Mining documents/MiningData/YESAB Files/Project Proposal/14 Appendix 7G Aquatic Ecology Baseline.pdf,53,False,chart
/content/drive/MyDrive/Mining documents/MiningData/YESAB Files/Project Proposal/14 Appendix 7G Aquatic Ecology Baseline.pdf,54,False,chart
/content/drive/MyDrive/Mining documents/MiningData/YESAB Files/Project Proposal/14 Appendix 7G Aquatic Ecology Baseline.pdf,55,False,chart
/content/drive/MyDrive/Mining documents/MiningData/YESAB Files/Project Proposal/14 Appendix 7G Aquatic Ecology Baseline.pdf,56,False,chart
/content/drive/MyDrive/Mining documents/MiningData/YESAB Files/Project Proposal/14 Appendix 7G Aquatic Ecology Baseline.pdf,57,False,chart
/content/drive/MyDrive/Mining documents/MiningData/YESAB Files/Project Proposal/14 Appendix 7G Aquatic Ecology Baseline.pdf,58,False,chart
/content/drive/MyDrive/Mining documents/MiningData/YESAB Files/Project Proposal/14 Appendix 7G Aquatic Ecology Baseline.pdf,59,False,other
/content/drive/MyDrive/Mining documents/MiningData/YESAB Files/Project Proposal/14 Appendix 7G Aquatic Ecology Baseline.pdf,60,False,chart
/content/drive/MyDrive/Mining documents/MiningData/YESAB Files/Project Proposal/14 Appendix 7G Aquatic Ecology Baseline.pdf,61,False,other
/content/drive/MyDrive/Mining documents/MiningData/YESAB Files/Project Proposal/14 Appendix 7G Aquatic Ecology Baseline.pdf,62,False,chart
/content/drive/MyDrive/Mining documents/MiningData/YESAB Files/Project Proposal/14 Appendix 7G Aquatic Ecology Baseline.pdf,63,False,chart
/content/drive/MyDrive/Mining documents/MiningData/YESAB Files/Project Proposal/14 Appendix 7G Aquatic Ecology Baseline.pdf,64,False,table
/content/drive/MyDrive/Mining documents/MiningData/YESAB Files/Project Proposal/14 Appendix 7G Aquatic Ecology Baseline.pdf,65,False,other
/content/drive/MyDrive/Mining documents/MiningData/YESAB Files/Project Proposal/14 Appendix 7G Aquatic Ecology Baseline.pdf,66,False,map
/content/drive/MyDrive/Mining documents/MiningData/YESAB Files/Project Proposal/14 Appendix 7G Aquatic Ecology Baseline.pdf,67,False,table
/content/drive/MyDrive/Mining documents/MiningData/YESAB Files/Project Proposal/14 Appendix 7G Aquatic Ecology Baseline.pdf,68,False,chart
/content/drive/MyDrive/Mining documents/MiningData/YESAB Files/Project Proposal/14 Appendix 7G Aquatic Ecology Baseline.pdf,69,False,chart
/content/drive/MyDrive/Mining documents/MiningData/YESAB Files/Project Proposal/14 Appendix 7G Aquatic Ecology Baseline.pdf,69,False,table
/content/drive/MyDrive/Mining documents/MiningData/YESAB Files/Project Proposal/14 Appendix 7G Aquatic Ecology Baseline.pdf,70,False,chart
/content/drive/MyDrive/Mining documents/MiningData/YESAB Files/Project Proposal/14 Appendix 7G Aquatic Ecology Baseline.pdf,71,False,chart
/content/drive/MyDrive/Mining documents/MiningData/YESAB Files/Project Proposal/14 Appendix 7G Aquatic Ecology Baseline.pdf,72,False,chart
/content/drive/MyDrive/Mining documents/MiningData/YESAB Files/Project Proposal/14 Appendix 7G Aquatic Ecology Baseline.pdf,73,False,table
/content/drive/MyDrive/Mining documents/MiningData/YESAB Files/Project Proposal/14 Appendix 7G Aquatic Ecology Baseline.pdf,74,False,chart
/content/drive/MyDrive/Mining documents/MiningData/YESAB Files/Project Proposal/14 Appendix 7G Aquatic Ecology Baseline.pdf,75,False,table
/content/drive/MyDrive/Mining documents/MiningData/YESAB Files/Project Proposal/14 Appendix 7G Aquatic Ecology Baseline.pdf,76,False,chart
/content/drive/MyDrive/Mining documents/MiningData/YESAB Files/Project Proposal/14 Appendix 7G Aquatic Ecology Baseline.pdf,77,False,table
/content/drive/MyDrive/Mining documents/MiningData/YESAB Files/Project Proposal/14 Appendix 7G Aquatic Ecology Baseline.pdf,78,False,table
/content/drive/MyDrive/Mining documents/MiningData/YESAB Files/Project Proposal/14 Appendix 7G Aquatic Ecology Baseline.pdf,79,False,table
/content/drive/MyDrive/Mining documents/MiningData/YESAB Files/Project Proposal/14 Appendix 7G Aquatic Ecology Baseline.pdf,80,False,table
/content/drive/MyDrive/Mining documents/MiningData/YESAB Files/Project Proposal/14 Appendix 7G Aquatic Ecology Baseline.pdf,81,False,other
/content/drive/MyDrive/Mining documents/MiningData/YESAB Files/Project Proposal/14 Appendix 7G Aquatic Ecology Baseline.pdf,82,False,other
/content/drive/MyDrive/Mining documents/MiningData/YESAB Files/Project Proposal/14 Appendix 7G Aquatic Ecology Baseline.pdf,83,False,other
/content/drive/MyDrive/Mining documents/MiningData/YESAB Files/Project Proposal/14 Appendix 7G Aquatic Ecology Baseline.pdf,84,False,other
/content/drive/MyDrive/Mining documents/MiningData/YESAB Files/Project Proposal/14 Appendix 7G Aquatic Ecology Baseline.pdf,85,False,other
/content/drive/MyDrive/Mining documents/MiningData/YESAB Files/Project Proposal/14 Appendix 7G Aquatic Ecology Baseline.pdf,86,False,table
/content/drive/MyDrive/Mining documents/MiningData/YESAB Files/Project Proposal/14 Appendix 7G Aquatic Ecology Baseline.pdf,87,False,table
/content/drive/MyDrive/Mining documents/MiningData/YESAB Files/Project Proposal/14 Appendix 7G Aquatic Ecology Baseline.pdf,88,False,table
/content/drive/MyDrive/Mining documents/MiningData/YESAB Files/Project Proposal/14 Appendix 7G Aquatic Ecology Baseline.pdf,89,False,table
/content/drive/MyDrive/Mining documents/MiningData/YESAB Files/Project Proposal/14 Appendix 7G Aquatic Ecology Baseline.pdf,90,False,table
/content/drive/MyDrive/Mining documents/MiningData/YESAB Files/Project Proposal/14 Appendix 7G Aquatic Ecology Baseline.pdf,91,False,table
/content/drive/MyDrive/Mining documents/MiningData/YESAB Files/Project Proposal/14 Appendix 7G Aquatic Ecology Baseline.pdf,92,False,table
/content/drive/MyDrive/Mining documents/MiningData/YESAB Files/Project Proposal/14 Appendix 7G Aquatic Ecology Baseline.pdf,93,False,table
/content/drive/MyDrive/Mining documents/MiningData/YESAB Files/Project Proposal/14 Appendix 7G Aquatic Ecology Baseline.pdf,94,False,table
/content/drive/MyDrive/Mining documents/MiningData/YESAB Files/Project Proposal/14 Appendix 7G Aquatic Ecology Baseline.pdf,95,False,table
/content/drive/MyDrive/Mining documents/MiningData/YESAB Files/Project Proposal/14 Appendix 7G Aquatic Ecology Baseline.pdf,96,False,table
/content/drive/MyDrive/Mining documents/MiningData/YESAB Files/Project Proposal/14 Appendix 7G Aquatic Ecology Baseline.pdf,97,False,table
/content/drive/MyDrive/Mining documents/MiningData/YESAB Files/Project Proposal/14 Appendix 7G Aquatic Ecology Baseline.pdf,98,False,table
/content/drive/MyDrive/Mining documents/MiningData/YESAB Files/Project Proposal/14 Appendix 7G Aquatic Ecology Baseline.pdf,99,False,table
/content/drive/MyDrive/Mining documents/MiningData/YESAB Files/Project Proposal/14 Appendix 7G Aquatic Ecology Baseline.pdf,100,False,table
/content/drive/MyDrive/Mining documents/MiningData/YESAB Files/Project Proposal/14 Appendix 7G Aquatic Ecology Baseline.pdf,101,False,table
/content/drive/MyDrive/Mining documents/MiningData/YESAB Files/Project Proposal/14 Appendix 7G Aquatic Ecology Baseline.pdf,102,False,table
/content/drive/MyDrive/Mining documents/MiningData/YESAB Files/Project Proposal/14 Appendix 7G Aquatic Ecology Baseline.pdf,103,False,table
/content/drive/MyDrive/Mining documents/MiningData/YESAB Files/Project Proposal/14 Appendix 7G Aquatic Ecology Baseline.pdf,104,False,table
/content/drive/MyDrive/Mining documents/MiningData/YESAB Files/Project Proposal/14 Appendix 7G Aquatic Ecology Baseline.pdf,105,False,table
/content/drive/MyDrive/Mining documents/MiningData/YESAB Files/Project Proposal/14 Appendix 7G Aquatic Ecology Baseline.pdf,106,False,table
/content/drive/MyDrive/Mining documents/MiningData/YESAB Files/Project Proposal/14 Appendix 7G Aquatic Ecology Baseline.pdf,107,False,table
/content/drive/MyDrive/Mining documents/MiningData/YESAB Files/Project Proposal/14 Appendix 7G Aquatic Ecology Baseline.pdf,108,False,table
/content/drive/MyDrive/Mining documents/MiningData/YESAB Files/Project Proposal/14 Appendix 7G Aquatic Ecology Baseline.pdf,109,False,table
/content/drive/MyDrive/Mining documents/MiningData/YESAB Files/Project Proposal/14 Appendix 7G Aquatic Ecology Baseline.pdf,110,False,table
/content/drive/MyDrive/Mining documents/MiningData/YESAB Files/Project Proposal/14 Appendix 7G Aquatic Ecology Baseline.pdf,111,False,table
/content/drive/MyDrive/Mining documents/MiningData/YESAB Files/Project Proposal/14 Appendix 7G Aquatic Ecology Baseline.pdf,112,False,other
/content/drive/MyDrive/Mining documents/MiningData/YESAB Files/Project Proposal/14 Appendix 7G Aquatic Ecology Baseline.pdf,113,False,map
/content/drive/MyDrive/Mining documents/MiningData/YESAB Files/Project Proposal/14 Appendix 7G Aquatic Ecology Baseline.pdf,114,False,map
/content/drive/MyDrive/Mining documents/MiningData/YESAB Files/Project Proposal/14 Appendix 7G Aquatic Ecology Baseline.pdf,115,False,map
/content/drive/MyDrive/Mining documents/MiningData/YESAB Files/Project Proposal/14 Appendix 7G Aquatic Ecology Baseline.pdf,116,False,map
/content/drive/MyDrive/Mining documents/MiningData/YESAB Files/Project Proposal/14 Appendix 7G Aquatic Ecology Baseline.pdf,117,False,map
/content/drive/MyDrive/Mining documents/MiningData/YESAB Files/Project Proposal/14 Appendix 7G Aquatic Ecology Baseline.pdf,118,False,map
/content/drive/MyDrive/Mining documents/MiningData/YESAB Files/Project Proposal/14 Appendix 7G Aquatic Ecology Baseline.pdf,119,False,other
/content/drive/MyDrive/Mining documents/MiningData/YESAB Files/Project Proposal/14 Appendix 7G Aquatic Ecology Baseline.pdf,120,False,other
/content/drive/MyDrive/Mining documents/MiningData/YESAB Files/Project Proposal/14 Appendix 7G Aquatic Ecology Baseline.pdf,121,False,other
/content/drive/MyDrive/Mining documents/MiningData/YESAB Files/Project Proposal/14 Appendix 7G Aquatic Ecology Baseline.pdf,122,False,other
/content/drive/MyDrive/Mining documents/MiningData/YESAB Files/Project Proposal/14 Appendix 7G Aquatic Ecology Baseline.pdf,123,False,other
/content/drive/MyDrive/Mining documents/MiningData/YESAB Files/Project Proposal/14 Appendix 7G Aquatic Ecology Baseline.pdf,124,False,other
/content/drive/MyDrive/Mining documents/MiningData/YESAB Files/Project Proposal/14 Appendix 7G Aquatic Ecology Baseline.pdf,125,False,map
/content/drive/MyDrive/Mining documents/MiningData/YESAB Files/Project Proposal/14 Appendix 7G Aquatic Ecology Baseline.pdf,126,False,other
/content/drive/MyDrive/Mining documents/MiningData/YESAB Files/Project Proposal/14 Appendix 7G Aquatic Ecology Baseline.pdf,127,False,chart
/content/drive/MyDrive/Mining documents/MiningData/YESAB Files/Project Proposal/14 Appendix 7G Aquatic Ecology Baseline.pdf,128,False,table
/content/drive/MyDrive/Mining documents/MiningData/YESAB Files/Project Proposal/14 Appendix 7G Aquatic Ecology Baseline.pdf,129,False,other
/content/drive/MyDrive/Mining documents/MiningData/YESAB Files/Project Proposal/14 Appendix 7G Aquatic Ecology Baseline.pdf,130,False,map
/content/drive/MyDrive/Mining documents/MiningData/YESAB Files/Project Proposal/14 Appendix 7G Aquatic Ecology Baseline.pdf,131,False,table
/content/drive/MyDrive/Mining documents/MiningData/YESAB Files/Project Proposal/14 Appendix 7G Aquatic Ecology Baseline.pdf,132,False,table
/content/drive/MyDrive/Mining documents/MiningData/YESAB Files/Project Proposal/14 Appendix 7G Aquatic Ecology Baseline.pdf,133,False,map
/content/drive/MyDrive/Mining documents/MiningData/YESAB Files/Project Proposal/14 Appendix 7G Aquatic Ecology Baseline.pdf,134,False,map
/content/drive/MyDrive/Mining documents/MiningData/YESAB Files/Project Proposal/14 Appendix 7G Aquatic Ecology Baseline.pdf,135,False,other
/content/drive/MyDrive/Mining documents/MiningData/YESAB Files/Project Proposal/14 Appendix 7G Aquatic Ecology Baseline.pdf,136,False,other
/content/drive/MyDrive/Mining documents/MiningData/YESAB Files/Project Proposal/14 Appendix 7G Aquatic Ecology Baseline.pdf,137,False,other
/content/drive/MyDrive/Mining documents/MiningData/YESAB Files/Project Proposal/14 Appendix 7G Aquatic Ecology Baseline.pdf,138,False,map
/content/drive/MyDrive/Mining documents/MiningData/YESAB Files/Project Proposal/14 Appendix 7G Aquatic Ecology Baseline.pdf,139,False,other
/content/drive/MyDrive/Mining documents/MiningData/YESAB Files/Project Proposal/14 Appendix 7G Aquatic Ecology Baseline.pdf,140,False,other
/content/drive/MyDrive/Mining documents/MiningData/YESAB Files/Project Proposal/14 Appendix 7G Aquatic Ecology Baseline.pdf,141,False,table
/content/drive/MyDrive/Mining documents/MiningData/YESAB Files/Project Proposal/14 Appendix 7G Aquatic Ecology Baseline.pdf,142,False,other
/content/drive/MyDrive/Mining documents/MiningData/YESAB Files/Project Proposal/14 Appendix 7G Aquatic Ecology Baseline.pdf,143,False,table
/content/drive/MyDrive/Mining documents/MiningData/YESAB Files/Project Proposal/14 Appendix 7G Aquatic Ecology Baseline.pdf,144,False,table
/content/drive/MyDrive/Mining documents/MiningData/YESAB Files/Project Proposal/14 Appendix 7G Aquatic Ecology Baseline.pdf,145,False,table
/content/drive/MyDrive/Mining documents/MiningData/YESAB Files/Project Proposal/14 Appendix 7G Aquatic Ecology Baseline.pdf,146,False,table
/content/drive/MyDrive/Mining documents/MiningData/YESAB Files/Project Proposal/14 Appendix 7G Aquatic Ecology Baseline.pdf,147,False,other
/content/drive/MyDrive/Mining documents/MiningData/YESAB Files/Project Proposal/14 Appendix 7G Aquatic Ecology Baseline.pdf,148,False,table
/content/drive/MyDrive/Mining documents/MiningData/YESAB Files/Project Proposal/14 Appendix 7G Aquatic Ecology Baseline.pdf,149,False,table
/content/drive/MyDrive/Mining documents/MiningData/YESAB Files/Project Proposal/14 Appendix 7G Aquatic Ecology Baseline.pdf,150,False,table
/content/drive/MyDrive/Mining documents/MiningData/YESAB Files/Project Proposal/14 Appendix 7G Aquatic Ecology Baseline.pdf,151,False,chart
/content/drive/MyDrive/Mining documents/MiningData/YESAB Files/Project Proposal/14 Appendix 7G Aquatic Ecology Baseline.pdf,152,False,table
/content/drive/MyDrive/Mining documents/MiningData/YESAB Files/Project Proposal/14 Appendix 7G Aquatic Ecology Baseline.pdf,153,False,chart
/content/drive/MyDrive/Mining documents/MiningData/YESAB Files/Project Proposal/14 Appendix 7G Aquatic Ecology Baseline.pdf,154,False,chart
/content/drive/MyDrive/Mining documents/MiningData/YESAB Files/Project Proposal/14 Appendix 7G Aquatic Ecology Baseline.pdf,155,False,chart
/content/drive/MyDrive/Mining documents/MiningData/YESAB Files/Project Proposal/14 Appendix 7G Aquatic Ecology Baseline.pdf,156,False,chart
/content/drive/MyDrive/Mining documents/MiningData/YESAB Files/Project Proposal/14 Appendix 7G Aquatic Ecology Baseline.pdf,157,False,chart
/content/drive/MyDrive/Mining documents/MiningData/YESAB Files/Project Proposal/14 Appendix 7G Aquatic Ecology Baseline.pdf,157,False,table
/content/drive/MyDrive/Mining documents/MiningData/YESAB Files/Project Proposal/14 Appendix 7G Aquatic Ecology Baseline.pdf,158,False,table
/content/drive/MyDrive/Mining documents/MiningData/YESAB Files/Project Proposal/14 Appendix 7G Aquatic Ecology Baseline.pdf,158,False,chart
/content/drive/MyDrive/Mining documents/MiningData/YESAB Files/Project Proposal/14 Appendix 7G Aquatic Ecology Baseline.pdf,159,False,table
/content/drive/MyDrive/Mining documents/MiningData/YESAB Files/Project Proposal/14 Appendix 7G Aquatic Ecology Baseline.pdf,160,False,table
/content/drive/MyDrive/Mining documents/MiningData/YESAB Files/Project Proposal/14 Appendix 7G Aquatic Ecology Baseline.pdf,161,False,other
/content/drive/MyDrive/Mining documents/MiningData/YESAB Files/Project Proposal/14 Appendix 7G Aquatic Ecology Baseline.pdf,162,False,other
/content/drive/MyDrive/Mining documents/MiningData/YESAB Files/Project Proposal/14 Appendix 7G Aquatic Ecology Baseline.pdf,163,False,other
/content/drive/MyDrive/Mining documents/MiningData/YESAB Files/Project Proposal/14 Appendix 7G Aquatic Ecology Baseline.pdf,164,False,other
/content/drive/MyDrive/Mining documents/MiningData/YESAB Files/Project Proposal/14 Appendix 7G Aquatic Ecology Baseline.pdf,165,False,other
/content/drive/MyDrive/Mining documents/MiningData/YESAB Files/Project Proposal/14 Appendix 7G Aquatic Ecology Baseline.pdf,166,False,other
/content/drive/MyDrive/Mining documents/MiningData/YESAB Files/Project Proposal/14 Appendix 7G Aquatic Ecology Baseline.pdf,167,False,table
/content/drive/MyDrive/Mining documents/MiningData/YESAB Files/Project Proposal/14 Appendix 7G Aquatic Ecology Baseline.pdf,168,False,table
/content/drive/MyDrive/Mining documents/MiningData/YESAB Files/Project Proposal/14 Appendix 7G Aquatic Ecology Baseline.pdf,169,False,table
/content/drive/MyDrive/Mining documents/MiningData/YESAB Files/Project Proposal/14 Appendix 7G Aquatic Ecology Baseline.pdf,170,False,table
/content/drive/MyDrive/Mining documents/MiningData/YESAB Files/Project Proposal/14 Appendix 7G Aquatic Ecology Baseline.pdf,171,False,table
/content/drive/MyDrive/Mining documents/MiningData/YESAB Files/Project Proposal/14 Appendix 7G Aquatic Ecology Baseline.pdf,172,False,table
/content/drive/MyDrive/Mining documents/MiningData/YESAB Files/Project Proposal/14 Appendix 7G Aquatic Ecology Baseline.pdf,173,False,table
/content/drive/MyDrive/Mining documents/MiningData/YESAB Files/Project Proposal/14 Appendix 7G Aquatic Ecology Baseline.pdf,174,False,table
/content/drive/MyDrive/Mining documents/MiningData/YESAB Files/Project Proposal/14 Appendix 7G Aquatic Ecology Baseline.pdf,175,False,table
/content/drive/MyDrive/Mining documents/MiningData/YESAB Files/Project Proposal/14 Appendix 7G Aquatic Ecology Baseline.pdf,176,False,table
/content/drive/MyDrive/Mining documents/MiningData/YESAB Files/Project Proposal/14 Appendix 7G Aquatic Ecology Baseline.pdf,177,False,table
/content/drive/MyDrive/Mining documents/MiningData/YESAB Files/Project Proposal/14 Appendix 7G Aquatic Ecology Baseline.pdf,178,False,other
/content/drive/MyDrive/Mining documents/MiningData/YESAB Files/Project Proposal/14 Appendix 7G Aquatic Ecology Baseline.pdf,179,False,table
/content/drive/MyDrive/Mining documents/MiningData/YESAB Files/Project Proposal/14 Appendix 7G Aquatic Ecology Baseline.pdf,180,False,table
/content/drive/MyDrive/Mining documents/MiningData/YESAB Files/Project Proposal/14 Appendix 7G Aquatic Ecology Baseline.pdf,181,False,table
/content/drive/MyDrive/Mining documents/MiningData/YESAB Files/Project Proposal/14 Appendix 7G Aquatic Ecology Baseline.pdf,182,False,table
/content/drive/MyDrive/Mining documents/MiningData/YESAB Files/Project Proposal/14 Appendix 7G Aquatic Ecology Baseline.pdf,183,False,table
/content/drive/MyDrive/Mining documents/MiningData/YESAB Files/Project Proposal/14 Appendix 7G Aquatic Ecology Baseline.pdf,184,False,table
/content/drive/MyDrive/Mining documents/MiningData/YESAB Files/Project Proposal/14 Appendix 7G Aquatic Ecology Baseline.pdf,185,False,table
/content/drive/MyDrive/Mining documents/MiningData/YESAB Files/Project Proposal/14 Appendix 7G Aquatic Ecology Baseline.pdf,186,False,table
/content/drive/MyDrive/Mining documents/MiningData/YESAB Files/Project Proposal/14 Appendix 7G Aquatic Ecology Baseline.pdf,187,False,table
/content/drive/MyDrive/Mining documents/MiningData/YESAB Files/Project Proposal/14 Appendix 7G Aquatic Ecology Baseline.pdf,188,False,table
/content/drive/MyDrive/Mining documents/MiningData/YESAB Files/Project Proposal/14 Appendix 7G Aquatic Ecology Baseline.pdf,189,False,table
/content/drive/MyDrive/Mining documents/MiningData/YESAB Files/Project Proposal/14 Appendix 7G Aquatic Ecology Baseline.pdf,190,False,table
/content/drive/MyDrive/Mining documents/MiningData/YESAB Files/Project Proposal/14 Appendix 7G Aquatic Ecology Baseline.pdf,191,False,table
/content/drive/MyDrive/Mining documents/MiningData/YESAB Files/Project Proposal/14 Appendix 7G Aquatic Ecology Baseline.pdf,192,False,table
/content/drive/MyDrive/Mining documents/MiningData/YESAB Files/Project Proposal/14 Appendix 7G Aquatic Ecology Baseline.pdf,193,False,table
/content/drive/MyDrive/Mining documents/MiningData/YESAB Files/Project Proposal/14 Appendix 7G Aquatic Ecology Baseline.pdf,194,False,table
/content/drive/MyDrive/Mining documents/MiningData/YESAB Files/Project Proposal/14 Appendix 7G Aquatic Ecology Baseline.pdf,195,False,table
/content/drive/MyDrive/Mining documents/MiningData/YESAB Files/Project Proposal/14 Appendix 7G Aquatic Ecology Baseline.pdf,196,False,table
/content/drive/MyDrive/Mining documents/MiningData/YESAB Files/Project Proposal/14 Appendix 7G Aquatic Ecology Baseline.pdf,197,False,table
/content/drive/MyDrive/Mining documents/MiningData/YESAB Files/Project Proposal/14 Appendix 7G Aquatic Ecology Baseline.pdf,198,False,table
/content/drive/MyDrive/Mining documents/MiningData/YESAB Files/Project Proposal/14 Appendix 7G Aquatic Ecology Baseline.pdf,199,False,table
/content/drive/MyDrive/Mining documents/MiningData/YESAB Files/Project Proposal/14 Appendix 7G Aquatic Ecology Baseline.pdf,200,False,table
/content/drive/MyDrive/Mining documents/MiningData/YESAB Files/Project Proposal/14 Appendix 7G Aquatic Ecology Baseline.pdf,201,False,table
/content/drive/MyDrive/Mining documents/MiningData/YESAB Files/Project Proposal/14 Appendix 7G Aquatic Ecology Baseline.pdf,202,False,table
/content/drive/MyDrive/Mining documents/MiningData/YESAB Files/Project Proposal/14 Appendix 7G Aquatic Ecology Baseline.pdf,203,False,table
/content/drive/MyDrive/Mining documents/MiningData/YESAB Files/Project Proposal/14 Appendix 7G Aquatic Ecology Baseline.pdf,204,False,table
/content/drive/MyDrive/Mining documents/MiningData/YESAB Files/Project Proposal/14 Appendix 7G Aquatic Ecology Baseline.pdf,205,False,table
/content/drive/MyDrive/Mining documents/MiningData/YESAB Files/Project Proposal/14 Appendix 7G Aquatic Ecology Baseline.pdf,206,False,table
/content/drive/MyDrive/Mining documents/MiningData/YESAB Files/Project Proposal/14 Appendix 7G Aquatic Ecology Baseline.pdf,207,False,table
/content/drive/MyDrive/Mining documents/MiningData/YESAB Files/Project Proposal/14 Appendix 7G Aquatic Ecology Baseline.pdf,208,False,table
/content/drive/MyDrive/Mining documents/MiningData/YESAB Files/Project Proposal/14 Appendix 7G Aquatic Ecology Baseline.pdf,209,False,table
/content/drive/MyDrive/Mining documents/MiningData/YESAB Files/Project Proposal/14 Appendix 7G Aquatic Ecology Baseline.pdf,210,False,table
/content/drive/MyDrive/Mining documents/MiningData/YESAB Files/Project Proposal/14 Appendix 7G Aquatic Ecology Baseline.pdf,211,False,table
/content/drive/MyDrive/Mining documents/MiningData/YESAB Files/Project Proposal/14 Appendix 7G Aquatic Ecology Baseline.pdf,212,False,table
/content/drive/MyDrive/Mining documents/MiningData/YESAB Files/Project Proposal/14 Appendix 7G Aquatic Ecology Baseline.pdf,213,False,other
/content/drive/MyDrive/Mining documents/MiningData/YESAB Files/Project Proposal/14 Appendix 7G Aquatic Ecology Baseline.pdf,214,False,map
/content/drive/MyDrive/Mining documents/MiningData/YESAB Files/Project Proposal/14 Appendix 7G Aquatic Ecology Baseline.pdf,215,False,map
/content/drive/MyDrive/Mining documents/MiningData/YESAB Files/Project Proposal/14 Appendix 7G Aquatic Ecology Baseline.pdf,216,False,map
/content/drive/MyDrive/Mining documents/MiningData/YESAB Files/Project Proposal/14 Appendix 7G Aquatic Ecology Baseline.pdf,217,False,map
/content/drive/MyDrive/Mining documents/MiningData/YESAB Files/Project Proposal/14 Appendix 7G Aquatic Ecology Baseline.pdf,218,False,map
/content/drive/MyDrive/Mining documents/MiningData/YESAB Files/Project Proposal/14 Appendix 7G Aquatic Ecology Baseline.pdf,219,False,map
/content/drive/MyDrive/Mining documents/MiningData/YESAB Files/Project Proposal/14 Appendix 7G Aquatic Ecology Baseline.pdf,220,False,map
/content/drive/MyDrive/Mining documents/MiningData/YESAB Files/Project Proposal/14 Appendix 7G Aquatic Ecology Baseline.pdf,221,False,map
/content/drive/MyDrive/Mining documents/MiningData/YESAB Files/Project Proposal/14 Appendix 7G Aquatic Ecology Baseline.pdf,222,False,map
/content/drive/MyDrive/Mining documents/MiningData/YESAB Files/Project Proposal/14 Appendix 7G Aquatic Ecology Baseline.pdf,223,False,map
/content/drive/MyDrive/Mining documents/MiningData/YESAB Files/Project Proposal/14 Appendix 7G Aquatic Ecology Baseline.pdf,224,False,map
/content/drive/MyDrive/Mining documents/MiningData/YESAB Files/Project Proposal/14 Appendix 7G Aquatic Ecology Baseline.pdf,225,False,map
/content/drive/MyDrive/Mining documents/MiningData/YESAB Files/Project Proposal/14 Appendix 7G Aquatic Ecology Baseline.pdf,226,False,map
/content/drive/MyDrive/Mining documents/MiningData/YESAB Files/Project Proposal/14 Appendix 7G Aquatic Ecology Baseline.pdf,227,False,map
/content/drive/MyDrive/Mining documents/MiningData/YESAB Files/Project Proposal/14 Appendix 7G Aquatic Ecology Baseline.pdf,228,False,map
/content/drive/MyDrive/Mining documents/MiningData/YESAB Files/Project Proposal/14 Appendix 7G Aquatic Ecology Baseline.pdf,229,False,map
/content/drive/MyDrive/Mining documents/MiningData/YESAB Files/Project Proposal/14 Appendix 7G Aquatic Ecology Baseline.pdf,230,False,map
/content/drive/MyDrive/Mining documents/MiningData/YESAB Files/Project Proposal/14 Appendix 7G Aquatic Ecology Baseline.pdf,231,False,map
/content/drive/MyDrive/Mining documents/MiningData/YESAB Files/Project Proposal/14 Appendix 7G Aquatic Ecology Baseline.pdf,232,False,map
/content/drive/MyDrive/Mining documents/MiningData/YESAB Files/Project Proposal/14 Appendix 7G Aquatic Ecology Baseline.pdf,233,False,map
/content/drive/MyDrive/Mining documents/MiningData/YESAB Files/Project Proposal/14 Appendix 7G Aquatic Ecology Baseline.pdf,234,False,map
/content/drive/MyDrive/Mining documents/MiningData/YESAB Files/Project Proposal/14 Appendix 7G Aquatic Ecology Baseline.pdf,235,False,map
/content/drive/MyDrive/Mining documents/MiningData/YESAB Files/Project Proposal/14 Appendix 7G Aquatic Ecology Baseline.pdf,236,False,map
/content/drive/MyDrive/Mining documents/MiningData/YESAB Files/Project Proposal/14 Appendix 7G Aquatic Ecology Baseline.pdf,237,False,map
/content/drive/MyDrive/Mining documents/MiningData/YESAB Files/Project Proposal/14 Appendix 7G Aquatic Ecology Baseline.pdf,238,False,map
/content/drive/MyDrive/Mining documents/MiningData/YESAB Files/Project Proposal/14 Appendix 7G Aquatic Ecology Baseline.pdf,239,False,map
/content/drive/MyDrive/Mining documents/MiningData/YESAB Files/Project Proposal/14 Appendix 7G Aquatic Ecology Baseline.pdf,240,False,map
/content/drive/MyDrive/Mining documents/MiningData/YESAB Files/Project Proposal/14 Appendix 7G Aquatic Ecology Baseline.pdf,241,False,map
/content/drive/MyDrive/Mining documents/MiningData/YESAB Files/Project Proposal/14 Appendix 7G Aquatic Ecology Baseline.pdf,242,False,map
/content/drive/MyDrive/Mining documents/MiningData/YESAB Files/Project Proposal/14 Appendix 7G Aquatic Ecology Baseline.pdf,243,False,map
/content/drive/MyDrive/Mining documents/MiningData/YESAB Files/Project Proposal/14 Appendix 7G Aquatic Ecology Baseline.pdf,244,False,map
/content/drive/MyDrive/Mining documents/MiningData/YESAB Files/Project Proposal/14 Appendix 7G Aquatic Ecology Baseline.pdf,245,False,map
/content/drive/MyDrive/Mining documents/MiningData/YESAB Files/Project Proposal/14 Appendix 7G Aquatic Ecology Baseline.pdf,246,False,map
/content/drive/MyDrive/Mining documents/MiningData/YESAB Files/Project Proposal/14 Appendix 7G Aquatic Ecology Baseline.pdf,247,False,map
/content/drive/MyDrive/Mining documents/MiningData/YESAB Files/Project Proposal/14 Appendix 7G Aquatic Ecology Baseline.pdf,248,False,map
/content/drive/MyDrive/Mining documents/MiningData/YESAB Files/Project Proposal/14 Appendix 7G Aquatic Ecology Baseline.pdf,249,False,map
/content/drive/MyDrive/Mining documents/MiningData/YESAB Files/Project Proposal/14 Appendix 7G Aquatic Ecology Baseline.pdf,250,False,map
/content/drive/MyDrive/Mining documents/MiningData/YESAB Files/Adequacy Review Comments/LFN-Faro_IR#29-39 191220 (3).pdf,1,False,table
/content/drive/MyDrive/Mining documents/MiningData/YESAB Files/Adequacy Review Comments/LFN-Faro_IR#29-39 191220 (3).pdf,2,False,table
/content/drive/MyDrive/Mining documents/MiningData/YESAB Files/Adequacy Review Comments/LFN-Faro_IR#29-39 191220 (3).pdf,3,False,table
/content/drive/MyDrive/Mining documents/MiningData/YESAB Files/Adequacy Review Comments/LFN-Faro_IR#29-39 191220 (3).pdf,4,False,table
/content/drive/MyDrive/Mining documents/MiningData/YESAB Files/Adequacy Review Comments/LFN-Faro_IR#29-39 191220 (3).pdf,5,False,table
/content/drive/MyDrive/Mining documents/MiningData/YESAB Files/Adequacy Review Comments/LFN-Faro_IR#29-39 191220 (3).pdf,6,False,table
/content/drive/MyDrive/Mining documents/MiningData/YESAB Files/Adequacy Review Comments/LFN-Faro_IR#29-39 191220 (3).pdf,7,False,table
/content/drive/MyDrive/Mining documents/MiningData/YESAB Files/Adequacy Review Comments/LFN-Faro_IR#29-39 191220 (3).pdf,8,False,table
/content/drive/MyDrive/Mining documents/MiningData/YESAB Files/Adequacy Review Comments/LFN-Faro_IR#29-39 191220 (3).pdf,9,False,table
/content/drive/MyDrive/Mining documents/MiningData/YESAB Files/Adequacy Review Comments/LFN-Faro_IR#29-39 191220 (3).pdf,10,False,table
/content/drive/MyDrive/Mining documents/MiningData/YESAB Files/Adequacy Review Comments/LFN-Faro_IR#29-39 191220 (3).pdf,11,False,table
/content/drive/MyDrive/Mining documents/MiningData/YESAB Files/Preliminary Scope of Assessment/YG Comments Preliminary Scope of Assessment - Faro Mine Remediation Proposal.pdf,1,False,correspondence
/content/drive/MyDrive/Mining documents/MiningData/YESAB Files/Preliminary Scope of Assessment/YG Comments Preliminary Scope of Assessment - Faro Mine Remediation Proposal.pdf,2,False,other
/content/drive/MyDrive/Mining documents/MiningData/YESAB Files/Preliminary Scope of Assessment/YG Comments Preliminary Scope of Assessment - Faro Mine Remediation Proposal.pdf,3,False,other
/content/drive/MyDrive/Mining documents/MiningData/YESAB Files/Preliminary Scope of Assessment/YG Comments Preliminary Scope of Assessment - Faro Mine Remediation Proposal.pdf,4,False,other
/content/drive/MyDrive/Mining documents/MiningData/YESAB Files/Preliminary Scope of Assessment/YG Comments Preliminary Scope of Assessment - Faro Mine Remediation Proposal.pdf,5,False,other
/content/drive/MyDrive/Mining documents/MiningData/YESAB Files/Preliminary Scope of Assessment/YG Comments Preliminary Scope of Assessment - Faro Mine Remediation Proposal.pdf,6,False,other
/content/drive/MyDrive/Mining documents/MiningData/YESAB Files/Preliminary Scope of Assessment/YG Comments Preliminary Scope of Assessment - Faro Mine Remediation Proposal.pdf,7,False,other
/content/drive/MyDrive/Mining documents/MiningData/YESAB Files/Project Proposal/26 Appendix 8C Noise Effects Assessment.pdf,1,False,other
/content/drive/MyDrive/Mining documents/MiningData/YESAB Files/Project Proposal/26 Appendix 8C Noise Effects Assessment.pdf,2,False,other
/content/drive/MyDrive/Mining documents/MiningData/YESAB Files/Project Proposal/26 Appendix 8C Noise Effects Assessment.pdf,3,False,other
/content/drive/MyDrive/Mining documents/MiningData/YESAB Files/Project Proposal/26 Appendix 8C Noise Effects Assessment.pdf,4,False,other
/content/drive/MyDrive/Mining documents/MiningData/YESAB Files/Project Proposal/26 Appendix 8C Noise Effects Assessment.pdf,5,False,other
/content/drive/MyDrive/Mining documents/MiningData/YESAB Files/Project Proposal/26 Appendix 8C Noise Effects Assessment.pdf,6,False,other
/content/drive/MyDrive/Mining documents/MiningData/YESAB Files/Project Proposal/26 Appendix 8C Noise Effects Assessment.pdf,7,False,other
/content/drive/MyDrive/Mining documents/MiningData/YESAB Files/Project Proposal/26 Appendix 8C Noise Effects Assessment.pdf,8,False,table
/content/drive/MyDrive/Mining documents/MiningData/YESAB Files/Project Proposal/26 Appendix 8C Noise Effects Assessment.pdf,9,False,map
/content/drive/MyDrive/Mining documents/MiningData/YESAB Files/Project Proposal/26 Appendix 8C Noise Effects Assessment.pdf,10,False,other
/content/drive/MyDrive/Mining documents/MiningData/YESAB Files/Project Proposal/26 Appendix 8C Noise Effects Assessment.pdf,11,False,table
/content/drive/MyDrive/Mining documents/MiningData/YESAB Files/Project Proposal/26 Appendix 8C Noise Effects Assessment.pdf,12,False,table
/content/drive/MyDrive/Mining documents/MiningData/YESAB Files/Project Proposal/26 Appendix 8C Noise Effects Assessment.pdf,13,False,table
/content/drive/MyDrive/Mining documents/MiningData/YESAB Files/Project Proposal/26 Appendix 8C Noise Effects Assessment.pdf,14,False,other
/content/drive/MyDrive/Mining documents/MiningData/YESAB Files/Project Proposal/26 Appendix 8C Noise Effects Assessment.pdf,15,False,table
/content/drive/MyDrive/Mining documents/MiningData/YESAB Files/Project Proposal/26 Appendix 8C Noise Effects Assessment.pdf,16,False,other
/content/drive/MyDrive/Mining documents/MiningData/YESAB Files/Project Proposal/26 Appendix 8C Noise Effects Assessment.pdf,17,False,map
/content/drive/MyDrive/Mining documents/MiningData/YESAB Files/Project Proposal/26 Appendix 8C Noise Effects Assessment.pdf,18,False,other
/content/drive/MyDrive/Mining documents/MiningData/YESAB Files/Project Proposal/26 Appendix 8C Noise Effects Assessment.pdf,19,False,table
/content/drive/MyDrive/Mining documents/MiningData/YESAB Files/Project Proposal/26 Appendix 8C Noise Effects Assessment.pdf,20,False,table
/content/drive/MyDrive/Mining documents/MiningData/YESAB Files/Project Proposal/26 Appendix 8C Noise Effects Assessment.pdf,21,False,table
/content/drive/MyDrive/Mining documents/MiningData/YESAB Files/Project Proposal/26 Appendix 8C Noise Effects Assessment.pdf,22,False,table
/content/drive/MyDrive/Mining documents/MiningData/YESAB Files/Project Proposal/26 Appendix 8C Noise Effects Assessment.pdf,23,False,table
/content/drive/MyDrive/Mining documents/MiningData/YESAB Files/Project Proposal/26 Appendix 8C Noise Effects Assessment.pdf,24,False,other
/content/drive/MyDrive/Mining documents/MiningData/YESAB Files/Project Proposal/26 Appendix 8C Noise Effects Assessment.pdf,25,False,other
/content/drive/MyDrive/Mining documents/MiningData/YESAB Files/VESEC Outlines for Participant Comment/2023-09-05 FN Way of Life Outline.pdf,1,False,other
/content/drive/MyDrive/Mining documents/MiningData/YESAB Files/VESEC Outlines for Participant Comment/2023-09-05 FN Way of Life Outline.pdf,2,False,other
/content/drive/MyDrive/Mining documents/MiningData/YESAB Files/VESEC Outlines for Participant Comment/2023-09-05 FN Way of Life Outline.pdf,3,False,other
/content/drive/MyDrive/Mining documents/MiningData/YESAB Files/VESEC Outlines for Participant Comment/2023-09-05 FN Way of Life Outline.pdf,4,False,other
/content/drive/MyDrive/Mining documents/MiningData/YESAB Files/VESEC Outlines for Participant Comment/2023-09-05 FN Way of Life Outline.pdf,5,False,other
/content/drive/MyDrive/Mining documents/MiningData/YESAB Files/VESEC Outlines for Participant Comment/2023-09-05 FN Way of Life Outline.pdf,6,False,other
/content/drive/MyDrive/Mining documents/MiningData/YESAB Files/VESEC Outlines for Participant Comment/2023-09-05 FN Way of Life Outline.pdf,7,False,other
/content/drive/MyDrive/Mining documents/MiningData/YESAB Files/VESEC Outlines for Participant Comment/2023-09-05 FN Way of Life Outline.pdf,8,False,map
/content/drive/MyDrive/Mining documents/MiningData/YESAB Files/VESEC Outlines for Participant Comment/2023-09-05 FN Way of Life Outline.pdf,9,False,other
/content/drive/MyDrive/Mining documents/MiningData/YESAB Files/VESEC Outlines for Participant Comment/2023-09-05 FN Way of Life Outline.pdf,10,False,other
/content/drive/MyDrive/Mining documents/MiningData/YESAB Files/VESEC Outlines for Participant Comment/2023-09-05 FN Way of Life Outline.pdf,11,False,other
/content/drive/MyDrive/Mining documents/MiningData/YESAB Files/VESEC Outlines for Participant Comment/2023-09-05 FN Way of Life Outline.pdf,12,False,other
/content/drive/MyDrive/Mining documents/MiningData/YESAB Files/VESEC Outlines for Participant Comment/2023-09-05 FN Way of Life Outline.pdf,13,False,other
/content/drive/MyDrive/Mining documents/MiningData/YESAB Files/VESEC Outlines for Participant Comment/2023-09-05 FN Way of Life Outline.pdf,14,False,other
/content/drive/MyDrive/Mining documents/MiningData/YESAB Files/VESEC Outlines for Participant Comment/2023-09-05 FN Way of Life Outline.pdf,15,False,other
/content/drive/MyDrive/Mining documents/MiningData/YESAB Files/VESEC Outlines for Participant Comment/2023-09-05 FN Way of Life Outline.pdf,16,False,other
/content/drive/MyDrive/Mining documents/MiningData/YESAB Files/VESEC Outlines for Participant Comment/2023-09-05 FN Way of Life Outline.pdf,17,False,other
/content/drive/MyDrive/Mining documents/MiningData/YESAB Files/2020-06-08 YESAB Letters to DB and FN RE Information Request No. 2.pdf,1,False,correspondence
/content/drive/MyDrive/Mining documents/MiningData/YESAB Files/2020-06-08 YESAB Letters to DB and FN RE Information Request No. 2.pdf,2,False,correspondence
/content/drive/MyDrive/Mining documents/MiningData/YESAB Files/2020-06-08 YESAB Letters to DB and FN RE Information Request No. 2.pdf,3,False,correspondence
/content/drive/MyDrive/Mining documents/MiningData/YESAB Files/2020-06-08 YESAB Letters to DB and FN RE Information Request No. 2.pdf,4,False,correspondence
/content/drive/MyDrive/Mining documents/MiningData/YESAB Files/2020-06-08 YESAB Letters to DB and FN RE Information Request No. 2.pdf,5,False,correspondence
/content/drive/MyDrive/Mining documents/MiningData/YESAB Files/2020-06-08 YESAB Letters to DB and FN RE Information Request No. 2.pdf,6,False,correspondence
/content/drive/MyDrive/Mining documents/MiningData/YESAB Files/2020-06-08 YESAB Letters to DB and FN RE Information Request No. 2.pdf,7,False,correspondence
/content/drive/MyDrive/Mining documents/MiningData/YESAB Files/2020-06-08 YESAB Letters to DB and FN RE Information Request No. 2.pdf,8,False,correspondence
/content/drive/MyDrive/Mining documents/MiningData/YESAB Files/2020-06-08 YESAB Letters to DB and FN RE Information Request No. 2.pdf,9,False,correspondence
/content/drive/MyDrive/Mining documents/MiningData/YESAB Files/2020-06-08 YESAB Letters to DB and FN RE Information Request No. 2.pdf,10,False,correspondence
/content/drive/MyDrive/Mining documents/MiningData/YESAB Files/2020-06-08 YESAB Letters to DB and FN RE Information Request No. 2.pdf,11,False,correspondence
/content/drive/MyDrive/Mining documents/MiningData/YESAB Files/2020-06-08 YESAB Letters to DB and FN RE Information Request No. 2.pdf,12,False,correspondence
/content/drive/MyDrive/Mining documents/MiningData/YESAB Files/2020-06-08 YESAB Letters to DB and FN RE Information Request No. 2.pdf,13,False,correspondence
/content/drive/MyDrive/Mining documents/MiningData/YESAB Files/2020-06-08 YESAB Letters to DB and FN RE Information Request No. 2.pdf,14,False,correspondence
/content/drive/MyDrive/Mining documents/MiningData/YESAB Files/2020-06-08 YESAB Letters to DB and FN RE Information Request No. 2.pdf,15,False,correspondence
/content/drive/MyDrive/Mining documents/MiningData/YESAB Files/Reference Documents Requested in IR1 Question R1-175/rpt_fmc_hria_report_yesab_vers_20160323_fin_electronic_01.pdf,1,False,other
/content/drive/MyDrive/Mining documents/MiningData/YESAB Files/Reference Documents Requested in IR1 Question R1-175/rpt_fmc_hria_report_yesab_vers_20160323_fin_electronic_01.pdf,2,False,other
/content/drive/MyDrive/Mining documents/MiningData/YESAB Files/Reference Documents Requested in IR1 Question R1-175/rpt_fmc_hria_report_yesab_vers_20160323_fin_electronic_01.pdf,3,False,other
/content/drive/MyDrive/Mining documents/MiningData/YESAB Files/Reference Documents Requested in IR1 Question R1-175/rpt_fmc_hria_report_yesab_vers_20160323_fin_electronic_01.pdf,4,False,other
/content/drive/MyDrive/Mining documents/MiningData/YESAB Files/Reference Documents Requested in IR1 Question R1-175/rpt_fmc_hria_report_yesab_vers_20160323_fin_electronic_01.pdf,5,False,table
/content/drive/MyDrive/Mining documents/MiningData/YESAB Files/Reference Documents Requested in IR1 Question R1-175/rpt_fmc_hria_report_yesab_vers_20160323_fin_electronic_01.pdf,6,False,other
/content/drive/MyDrive/Mining documents/MiningData/YESAB Files/Reference Documents Requested in IR1 Question R1-175/rpt_fmc_hria_report_yesab_vers_20160323_fin_electronic_01.pdf,7,False,other
/content/drive/MyDrive/Mining documents/MiningData/YESAB Files/Reference Documents Requested in IR1 Question R1-175/rpt_fmc_hria_report_yesab_vers_20160323_fin_electronic_01.pdf,8,False,other
/content/drive/MyDrive/Mining documents/MiningData/YESAB Files/Reference Documents Requested in IR1 Question R1-175/rpt_fmc_hria_report_yesab_vers_20160323_fin_electronic_01.pdf,9,False,other
/content/drive/MyDrive/Mining documents/MiningData/YESAB Files/Reference Documents Requested in IR1 Question R1-175/rpt_fmc_hria_report_yesab_vers_20160323_fin_electronic_01.pdf,10,False,map
/content/drive/MyDrive/Mining documents/MiningData/YESAB Files/Reference Documents Requested in IR1 Question R1-175/rpt_fmc_hria_report_yesab_vers_20160323_fin_electronic_01.pdf,11,False,map
/content/drive/MyDrive/Mining documents/MiningData/YESAB Files/Reference Documents Requested in IR1 Question R1-175/rpt_fmc_hria_report_yesab_vers_20160323_fin_electronic_01.pdf,12,False,other
/content/drive/MyDrive/Mining documents/MiningData/YESAB Files/Reference Documents Requested in IR1 Question R1-175/rpt_fmc_hria_report_yesab_vers_20160323_fin_electronic_01.pdf,13,False,other
/content/drive/MyDrive/Mining documents/MiningData/YESAB Files/Reference Documents Requested in IR1 Question R1-175/rpt_fmc_hria_report_yesab_vers_20160323_fin_electronic_01.pdf,14,False,other
/content/drive/MyDrive/Mining documents/MiningData/YESAB Files/Reference Documents Requested in IR1 Question R1-175/rpt_fmc_hria_report_yesab_vers_20160323_fin_electronic_01.pdf,15,False,other
/content/drive/MyDrive/Mining documents/MiningData/YESAB Files/Reference Documents Requested in IR1 Question R1-175/rpt_fmc_hria_report_yesab_vers_20160323_fin_electronic_01.pdf,16,False,other
/content/drive/MyDrive/Mining documents/MiningData/YESAB Files/Reference Documents Requested in IR1 Question R1-175/rpt_fmc_hria_report_yesab_vers_20160323_fin_electronic_01.pdf,17,False,other
/content/drive/MyDrive/Mining documents/MiningData/YESAB Files/Reference Documents Requested in IR1 Question R1-175/rpt_fmc_hria_report_yesab_vers_20160323_fin_electronic_01.pdf,18,False,other
/content/drive/MyDrive/Mining documents/MiningData/YESAB Files/Reference Documents Requested in IR1 Question R1-175/rpt_fmc_hria_report_yesab_vers_20160323_fin_electronic_01.pdf,19,False,other
/content/drive/MyDrive/Mining documents/MiningData/YESAB Files/Reference Documents Requested in IR1 Question R1-175/rpt_fmc_hria_report_yesab_vers_20160323_fin_electronic_01.pdf,20,False,other
/content/drive/MyDrive/Mining documents/MiningData/YESAB Files/Reference Documents Requested in IR1 Question R1-175/rpt_fmc_hria_report_yesab_vers_20160323_fin_electronic_01.pdf,21,False,other
/content/drive/MyDrive/Mining documents/MiningData/YESAB Files/Reference Documents Requested in IR1 Question R1-175/rpt_fmc_hria_report_yesab_vers_20160323_fin_electronic_01.pdf,22,False,other
/content/drive/MyDrive/Mining documents/MiningData/YESAB Files/Reference Documents Requested in IR1 Question R1-175/rpt_fmc_hria_report_yesab_vers_20160323_fin_electronic_01.pdf,23,False,other
/content/drive/MyDrive/Mining documents/MiningData/YESAB Files/Reference Documents Requested in IR1 Question R1-175/rpt_fmc_hria_report_yesab_vers_20160323_fin_electronic_01.pdf,24,False,other
/content/drive/MyDrive/Mining documents/MiningData/YESAB Files/Reference Documents Requested in IR1 Question R1-175/rpt_fmc_hria_report_yesab_vers_20160323_fin_electronic_01.pdf,25,False,other
/content/drive/MyDrive/Mining documents/MiningData/YESAB Files/Reference Documents Requested in IR1 Question R1-175/rpt_fmc_hria_report_yesab_vers_20160323_fin_electronic_01.pdf,26,False,other
/content/drive/MyDrive/Mining documents/MiningData/YESAB Files/Reference Documents Requested in IR1 Question R1-175/rpt_fmc_hria_report_yesab_vers_20160323_fin_electronic_01.pdf,27,False,other
/content/drive/MyDrive/Mining documents/MiningData/YESAB Files/Reference Documents Requested in IR1 Question R1-175/rpt_fmc_hria_report_yesab_vers_20160323_fin_electronic_01.pdf,28,False,other
/content/drive/MyDrive/Mining documents/MiningData/YESAB Files/Reference Documents Requested in IR1 Question R1-175/rpt_fmc_hria_report_yesab_vers_20160323_fin_electronic_01.pdf,29,False,table
/content/drive/MyDrive/Mining documents/MiningData/YESAB Files/Reference Documents Requested in IR1 Question R1-175/rpt_fmc_hria_report_yesab_vers_20160323_fin_electronic_01.pdf,30,False,table
/content/drive/MyDrive/Mining documents/MiningData/YESAB Files/Reference Documents Requested in IR1 Question R1-175/rpt_fmc_hria_report_yesab_vers_20160323_fin_electronic_01.pdf,31,False,map
/content/drive/MyDrive/Mining documents/MiningData/YESAB Files/Reference Documents Requested in IR1 Question R1-175/rpt_fmc_hria_report_yesab_vers_20160323_fin_electronic_01.pdf,32,False,map
/content/drive/MyDrive/Mining documents/MiningData/YESAB Files/Reference Documents Requested in IR1 Question R1-175/rpt_fmc_hria_report_yesab_vers_20160323_fin_electronic_01.pdf,33,False,map
/content/drive/MyDrive/Mining documents/MiningData/YESAB Files/Reference Documents Requested in IR1 Question R1-175/rpt_fmc_hria_report_yesab_vers_20160323_fin_electronic_01.pdf,34,False,map
/content/drive/MyDrive/Mining documents/MiningData/YESAB Files/Reference Documents Requested in IR1 Question R1-175/rpt_fmc_hria_report_yesab_vers_20160323_fin_electronic_01.pdf,35,False,map
/content/drive/MyDrive/Mining documents/MiningData/YESAB Files/Reference Documents Requested in IR1 Question R1-175/rpt_fmc_hria_report_yesab_vers_20160323_fin_electronic_01.pdf,36,False,map
/content/drive/MyDrive/Mining documents/MiningData/YESAB Files/Reference Documents Requested in IR1 Question R1-175/rpt_fmc_hria_report_yesab_vers_20160323_fin_electronic_01.pdf,37,False,map
/content/drive/MyDrive/Mining documents/MiningData/YESAB Files/Reference Documents Requested in IR1 Question R1-175/rpt_fmc_hria_report_yesab_vers_20160323_fin_electronic_01.pdf,38,False,map
/content/drive/MyDrive/Mining documents/MiningData/YESAB Files/Reference Documents Requested in IR1 Question R1-175/rpt_fmc_hria_report_yesab_vers_20160323_fin_electronic_01.pdf,39,False,map
/content/drive/MyDrive/Mining documents/MiningData/YESAB Files/Reference Documents Requested in IR1 Question R1-175/rpt_fmc_hria_report_yesab_vers_20160323_fin_electronic_01.pdf,40,False,map
/content/drive/MyDrive/Mining documents/MiningData/YESAB Files/Reference Documents Requested in IR1 Question R1-175/rpt_fmc_hria_report_yesab_vers_20160323_fin_electronic_01.pdf,41,False,map
/content/drive/MyDrive/Mining documents/MiningData/YESAB Files/Reference Documents Requested in IR1 Question R1-175/rpt_fmc_hria_report_yesab_vers_20160323_fin_electronic_01.pdf,42,False,map
/content/drive/MyDrive/Mining documents/MiningData/YESAB Files/Reference Documents Requested in IR1 Question R1-175/rpt_fmc_hria_report_yesab_vers_20160323_fin_electronic_01.pdf,43,False,map
/content/drive/MyDrive/Mining documents/MiningData/YESAB Files/Reference Documents Requested in IR1 Question R1-175/rpt_fmc_hria_report_yesab_vers_20160323_fin_electronic_01.pdf,44,False,other
/content/drive/MyDrive/Mining documents/MiningData/YESAB Files/Reference Documents Requested in IR1 Question R1-175/rpt_fmc_hria_report_yesab_vers_20160323_fin_electronic_01.pdf,45,False,other
/content/drive/MyDrive/Mining documents/MiningData/YESAB Files/Reference Documents Requested in IR1 Question R1-175/rpt_fmc_hria_report_yesab_vers_20160323_fin_electronic_01.pdf,46,False,other
/content/drive/MyDrive/Mining documents/MiningData/YESAB Files/Reference Documents Requested in IR1 Question R1-175/rpt_fmc_hria_report_yesab_vers_20160323_fin_electronic_01.pdf,47,False,other
/content/drive/MyDrive/Mining documents/MiningData/YESAB Files/Reference Documents Requested in IR1 Question R1-175/rpt_fmc_hria_report_yesab_vers_20160323_fin_electronic_01.pdf,48,False,other
/content/drive/MyDrive/Mining documents/MiningData/YESAB Files/Reference Documents Requested in IR1 Question R1-175/rpt_fmc_hria_report_yesab_vers_20160323_fin_electronic_01.pdf,49,False,other
/content/drive/MyDrive/Mining documents/MiningData/YESAB Files/Reference Documents Requested in IR1 Question R1-175/rpt_fmc_hria_report_yesab_vers_20160323_fin_electronic_01.pdf,50,False,other
/content/drive/MyDrive/Mining documents/MiningData/YESAB Files/Reference Documents Requested in IR1 Question R1-175/rpt_fmc_hria_report_yesab_vers_20160323_fin_electronic_01.pdf,51,False,other
/content/drive/MyDrive/Mining documents/MiningData/YESAB Files/Reference Documents Requested in IR1 Question R1-175/rpt_fmc_hria_report_yesab_vers_20160323_fin_electronic_01.pdf,52,False,other
/content/drive/MyDrive/Mining documents/MiningData/YESAB Files/Reference Documents Requested in IR1 Question R1-175/rpt_fmc_hria_report_yesab_vers_20160323_fin_electronic_01.pdf,53,False,other
/content/drive/MyDrive/Mining documents/MiningData/YESAB Files/Reference Documents Requested in IR1 Question R1-175/rpt_fmc_hria_report_yesab_vers_20160323_fin_electronic_01.pdf,54,False,other
/content/drive/MyDrive/Mining documents/MiningData/YESAB Files/Reference Documents Requested in IR1 Question R1-175/rpt_fmc_hria_report_yesab_vers_20160323_fin_electronic_01.pdf,55,False,other
/content/drive/MyDrive/Mining documents/MiningData/YESAB Files/Reference Documents Requested in IR1 Question R1-175/rpt_fmc_hria_report_yesab_vers_20160323_fin_electronic_01.pdf,56,False,other
/content/drive/MyDrive/Mining documents/MiningData/YESAB Files/Reference Documents Requested in IR1 Question R1-175/rpt_fmc_hria_report_yesab_vers_20160323_fin_electronic_01.pdf,57,False,other
/content/drive/MyDrive/Mining documents/MiningData/YESAB Files/Reference Documents Requested in IR1 Question R1-175/rpt_fmc_hria_report_yesab_vers_20160323_fin_electronic_01.pdf,58,False,other
/content/drive/MyDrive/Mining documents/MiningData/YESAB Files/Reference Documents Requested in IR1 Question R1-175/rpt_fmc_hria_report_yesab_vers_20160323_fin_electronic_01.pdf,59,False,other
/content/drive/MyDrive/Mining documents/MiningData/YESAB Files/Reference Documents Requested in IR1 Question R1-175/rpt_fmc_hria_report_yesab_vers_20160323_fin_electronic_01.pdf,60,False,other
/content/drive/MyDrive/Mining documents/MiningData/YESAB Files/Reference Documents Requested in IR1 Question R1-175/rpt_fmc_hria_report_yesab_vers_20160323_fin_electronic_01.pdf,61,False,other
/content/drive/MyDrive/Mining documents/MiningData/YESAB Files/Reference Documents Requested in IR1 Question R1-175/rpt_fmc_hria_report_yesab_vers_20160323_fin_electronic_01.pdf,62,False,other
/content/drive/MyDrive/Mining documents/MiningData/YESAB Files/Reference Documents Requested in IR1 Question R1-175/rpt_fmc_hria_report_yesab_vers_20160323_fin_electronic_01.pdf,63,False,other
/content/drive/MyDrive/Mining documents/MiningData/YESAB Files/Reference Documents Requested in IR1 Question R1-175/rpt_fmc_hria_report_yesab_vers_20160323_fin_electronic_01.pdf,64,False,other
/content/drive/MyDrive/Mining documents/MiningData/YESAB Files/Reference Documents Requested in IR1 Question R1-175/rpt_fmc_hria_report_yesab_vers_20160323_fin_electronic_01.pdf,65,False,other
/content/drive/MyDrive/Mining documents/MiningData/YESAB Files/Reference Documents Requested in IR1 Question R1-175/rpt_fmc_hria_report_yesab_vers_20160323_fin_electronic_01.pdf,66,False,other
/content/drive/MyDrive/Mining documents/MiningData/YESAB Files/Reference Documents Requested in IR1 Question R1-175/rpt_fmc_hria_report_yesab_vers_20160323_fin_electronic_01.pdf,67,False,other
/content/drive/MyDrive/Mining documents/MiningData/YESAB Files/Reference Documents Requested in IR1 Question R1-175/rpt_fmc_hria_report_yesab_vers_20160323_fin_electronic_01.pdf,68,False,other
/content/drive/MyDrive/Mining documents/MiningData/YESAB Files/Project Proposal/28 Section 9 Cumulative Effects Assessment.pdf,1,False,other
/content/drive/MyDrive/Mining documents/MiningData/YESAB Files/Project Proposal/28 Section 9 Cumulative Effects Assessment.pdf,2,False,other
/content/drive/MyDrive/Mining documents/MiningData/YESAB Files/Project Proposal/28 Section 9 Cumulative Effects Assessment.pdf,3,False,other
/content/drive/MyDrive/Mining documents/MiningData/YESAB Files/Project Proposal/28 Section 9 Cumulative Effects Assessment.pdf,4,False,other
/content/drive/MyDrive/Mining documents/MiningData/YESAB Files/Project Proposal/28 Section 9 Cumulative Effects Assessment.pdf,5,False,other
/content/drive/MyDrive/Mining documents/MiningData/YESAB Files/Project Proposal/28 Section 9 Cumulative Effects Assessment.pdf,6,False,other
/content/drive/MyDrive/Mining documents/MiningData/YESAB Files/Project Proposal/28 Section 9 Cumulative Effects Assessment.pdf,7,False,other
/content/drive/MyDrive/Mining documents/MiningData/YESAB Files/Project Proposal/28 Section 9 Cumulative Effects Assessment.pdf,8,False,table
/content/drive/MyDrive/Mining documents/MiningData/YESAB Files/Project Proposal/28 Section 9 Cumulative Effects Assessment.pdf,9,False,table
/content/drive/MyDrive/Mining documents/MiningData/YESAB Files/Project Proposal/28 Section 9 Cumulative Effects Assessment.pdf,10,False,other
/content/drive/MyDrive/Mining documents/MiningData/YESAB Files/Project Proposal/28 Section 9 Cumulative Effects Assessment.pdf,11,False,map
/content/drive/MyDrive/Mining documents/MiningData/YESAB Files/Project Proposal/28 Section 9 Cumulative Effects Assessment.pdf,12,False,map
/content/drive/MyDrive/Mining documents/MiningData/YESAB Files/Project Proposal/28 Section 9 Cumulative Effects Assessment.pdf,13,False,map
/content/drive/MyDrive/Mining documents/MiningData/YESAB Files/Project Proposal/28 Section 9 Cumulative Effects Assessment.pdf,14,False,other
/content/drive/MyDrive/Mining documents/MiningData/YESAB Files/Project Proposal/28 Section 9 Cumulative Effects Assessment.pdf,15,False,other
/content/drive/MyDrive/Mining documents/MiningData/YESAB Files/Project Proposal/28 Section 9 Cumulative Effects Assessment.pdf,16,False,table
/content/drive/MyDrive/Mining documents/MiningData/YESAB Files/Project Proposal/28 Section 9 Cumulative Effects Assessment.pdf,17,False,other
/content/drive/MyDrive/Mining documents/MiningData/YESAB Files/Project Proposal/28 Section 9 Cumulative Effects Assessment.pdf,18,False,table
/content/drive/MyDrive/Mining documents/MiningData/YESAB Files/Project Proposal/28 Section 9 Cumulative Effects Assessment.pdf,19,False,other
/content/drive/MyDrive/Mining documents/MiningData/YESAB Files/Project Proposal/28 Section 9 Cumulative Effects Assessment.pdf,20,False,table
/content/drive/MyDrive/Mining documents/MiningData/YESAB Files/Project Proposal/28 Section 9 Cumulative Effects Assessment.pdf,21,False,other
/content/drive/MyDrive/Mining documents/MiningData/YESAB Files/Project Proposal/28 Section 9 Cumulative Effects Assessment.pdf,22,False,table
/content/drive/MyDrive/Mining documents/MiningData/YESAB Files/Project Proposal/28 Section 9 Cumulative Effects Assessment.pdf,23,False,table
/content/drive/MyDrive/Mining documents/MiningData/YESAB Files/Project Proposal/28 Section 9 Cumulative Effects Assessment.pdf,24,False,table
/content/drive/MyDrive/Mining documents/MiningData/YESAB Files/Project Proposal/28 Section 9 Cumulative Effects Assessment.pdf,25,False,other
/content/drive/MyDrive/Mining documents/MiningData/YESAB Files/Project Proposal/28 Section 9 Cumulative Effects Assessment.pdf,26,False,other
/content/drive/MyDrive/Mining documents/MiningData/YESAB Files/Project Proposal/28 Section 9 Cumulative Effects Assessment.pdf,27,False,table
/content/drive/MyDrive/Mining documents/MiningData/YESAB Files/Project Proposal/28 Section 9 Cumulative Effects Assessment.pdf,28,False,other
/content/drive/MyDrive/Mining documents/MiningData/YESAB Files/Project Proposal/28 Section 9 Cumulative Effects Assessment.pdf,29,False,table
/content/drive/MyDrive/Mining documents/MiningData/YESAB Files/Project Proposal/28 Section 9 Cumulative Effects Assessment.pdf,30,False,other
/content/drive/MyDrive/Mining documents/MiningData/YESAB Files/Project Proposal/28 Section 9 Cumulative Effects Assessment.pdf,31,False,other
/content/drive/MyDrive/Mining documents/MiningData/YESAB Files/Project Proposal/28 Section 9 Cumulative Effects Assessment.pdf,32,False,other
/content/drive/MyDrive/Mining documents/MiningData/YESAB Files/Project Proposal/28 Section 9 Cumulative Effects Assessment.pdf,33,False,table
/content/drive/MyDrive/Mining documents/MiningData/YESAB Files/Project Proposal/28 Section 9 Cumulative Effects Assessment.pdf,34,False,table
/content/drive/MyDrive/Mining documents/MiningData/YESAB Files/Project Proposal/28 Section 9 Cumulative Effects Assessment.pdf,35,False,table
/content/drive/MyDrive/Mining documents/MiningData/YESAB Files/Reference Documents Requested in IR1 Question R1-175/Janowicz_VangordaCoverTrail_Precipitation_2007.pdf,1,True,other
/content/drive/MyDrive/Mining documents/MiningData/YESAB Files/Reference Documents Requested in IR1 Question R1-175/Janowicz_VangordaCoverTrail_Precipitation_2007.pdf,2,True,other
/content/drive/MyDrive/Mining documents/MiningData/YESAB Files/Reference Documents Requested in IR1 Question R1-175/Janowicz_VangordaCoverTrail_Precipitation_2007.pdf,3,True,other
/content/drive/MyDrive/Mining documents/MiningData/YESAB Files/Reference Documents Requested in IR1 Question R1-175/Janowicz_VangordaCoverTrail_Precipitation_2007.pdf,4,True,other
/content/drive/MyDrive/Mining documents/MiningData/YESAB Files/Reference Documents Requested in IR1 Question R1-175/Janowicz_VangordaCoverTrail_Precipitation_2007.pdf,5,True,other
/content/drive/MyDrive/Mining documents/MiningData/YESAB Files/Reference Documents Requested in IR1 Question R1-175/Janowicz_VangordaCoverTrail_Precipitation_2007.pdf,6,True,other
/content/drive/MyDrive/Mining documents/MiningData/YESAB Files/Reference Documents Requested in IR1 Question R1-175/Janowicz_VangordaCoverTrail_Precipitation_2007.pdf,7,True,table
/content/drive/MyDrive/Mining documents/MiningData/YESAB Files/Reference Documents Requested in IR1 Question R1-175/Janowicz_VangordaCoverTrail_Precipitation_2007.pdf,8,True,table
/content/drive/MyDrive/Mining documents/MiningData/YESAB Files/Reference Documents Requested in IR1 Question R1-175/Janowicz_VangordaCoverTrail_Precipitation_2007.pdf,9,True,other
/content/drive/MyDrive/Mining documents/MiningData/YESAB Files/Reference Documents Requested in IR1 Question R1-175/Janowicz_VangordaCoverTrail_Precipitation_2007.pdf,10,True,other
/content/drive/MyDrive/Mining documents/MiningData/YESAB Files/Reference Documents Requested in IR1 Question R1-175/Janowicz_VangordaCoverTrail_Precipitation_2007.pdf,11,True,table
/content/drive/MyDrive/Mining documents/MiningData/YESAB Files/Reference Documents Requested in IR1 Question R1-175/Janowicz_VangordaCoverTrail_Precipitation_2007.pdf,12,True,table
/content/drive/MyDrive/Mining documents/MiningData/YESAB Files/Reference Documents Requested in IR1 Question R1-175/Janowicz_VangordaCoverTrail_Precipitation_2007.pdf,13,True,other
/content/drive/MyDrive/Mining documents/MiningData/YESAB Files/Reference Documents Requested in IR1 Question R1-175/Janowicz_VangordaCoverTrail_Precipitation_2007.pdf,14,True,table
/content/drive/MyDrive/Mining documents/MiningData/YESAB Files/Reference Documents Requested in IR1 Question R1-175/Janowicz_VangordaCoverTrail_Precipitation_2007.pdf,15,True,table
/content/drive/MyDrive/Mining documents/MiningData/YESAB Files/Reference Documents Requested in IR1 Question R1-175/Janowicz_VangordaCoverTrail_Precipitation_2007.pdf,16,True,other
/content/drive/MyDrive/Mining documents/MiningData/YESAB Files/Reference Documents Requested in IR1 Question R1-175/Janowicz_VangordaCoverTrail_Precipitation_2007.pdf,17,True,other
/content/drive/MyDrive/Mining documents/MiningData/YESAB Files/Reference Documents Requested in IR1 Question R1-175/Janowicz_VangordaCoverTrail_Precipitation_2007.pdf,18,True,other
/content/drive/MyDrive/Mining documents/MiningData/YESAB Files/Reference Documents Requested in IR1 Question R1-175/Janowicz_VangordaCoverTrail_Precipitation_2007.pdf,19,True,other
/content/drive/MyDrive/Mining documents/MiningData/YESAB Files/Reference Documents Requested in IR1 Question R1-175/Janowicz_VangordaCoverTrail_Precipitation_2007.pdf,20,True,map
/content/drive/MyDrive/Mining documents/MiningData/YESAB Files/Reference Documents Requested in IR1 Question R1-175/Janowicz_VangordaCoverTrail_Precipitation_2007.pdf,21,True,chart
/content/drive/MyDrive/Mining documents/MiningData/YESAB Files/Reference Documents Requested in IR1 Question R1-175/Janowicz_VangordaCoverTrail_Precipitation_2007.pdf,22,True,chart
/content/drive/MyDrive/Mining documents/MiningData/YESAB Files/Reference Documents Requested in IR1 Question R1-175/Janowicz_VangordaCoverTrail_Precipitation_2007.pdf,23,True,other
/content/drive/MyDrive/Mining documents/MiningData/YESAB Files/Reference Documents Requested in IR1 Question R1-175/Janowicz_VangordaCoverTrail_Precipitation_2007.pdf,24,True,other
"/content/drive/MyDrive/Mining documents/MiningData/YESAB Files/Adequacy Review Comments/Liard First Nation IRs - December 20, 2019.pdf",1,False,correspondence
"/content/drive/MyDrive/Mining documents/MiningData/YESAB Files/Adequacy Review Comments/Liard First Nation IRs - December 20, 2019.pdf",2,False,table
"/content/drive/MyDrive/Mining documents/MiningData/YESAB Files/Adequacy Review Comments/Liard First Nation IRs - December 20, 2019.pdf",3,False,table
"/content/drive/MyDrive/Mining documents/MiningData/YESAB Files/Adequacy Review Comments/Liard First Nation IRs - December 20, 2019.pdf",4,False,table
"/content/drive/MyDrive/Mining documents/MiningData/YESAB Files/Adequacy Review Comments/Liard First Nation IRs - December 20, 2019.pdf",5,False,table
"/content/drive/MyDrive/Mining documents/MiningData/YESAB Files/Adequacy Review Comments/Liard First Nation IRs - December 20, 2019.pdf",6,False,table
"/content/drive/MyDrive/Mining documents/MiningData/YESAB Files/Adequacy Review Comments/Liard First Nation IRs - December 20, 2019.pdf",7,False,table
"/content/drive/MyDrive/Mining documents/MiningData/YESAB Files/Adequacy Review Comments/Liard First Nation IRs - December 20, 2019.pdf",8,False,table
"/content/drive/MyDrive/Mining documents/MiningData/YESAB Files/Adequacy Review Comments/Liard First Nation IRs - December 20, 2019.pdf",9,False,table
"/content/drive/MyDrive/Mining documents/MiningData/YESAB Files/Adequacy Review Comments/Liard First Nation IRs - December 20, 2019.pdf",10,False,table
"/content/drive/MyDrive/Mining documents/MiningData/YESAB Files/Adequacy Review Comments/Liard First Nation IRs - December 20, 2019.pdf",11,False,table
"/content/drive/MyDrive/Mining documents/MiningData/YESAB Files/Adequacy Review Comments/Liard First Nation IRs - December 20, 2019.pdf",12,False,table
"/content/drive/MyDrive/Mining documents/MiningData/YESAB Files/Adequacy Review Comments/Liard First Nation IRs - December 20, 2019.pdf",13,False,table
"/content/drive/MyDrive/Mining documents/MiningData/YESAB Files/Adequacy Review Comments/Liard First Nation IRs - December 20, 2019.pdf",14,False,table
"/content/drive/MyDrive/Mining documents/MiningData/YESAB Files/Adequacy Review Comments/Liard First Nation IRs - December 20, 2019.pdf",15,False,table
"/content/drive/MyDrive/Mining documents/MiningData/YESAB Files/Adequacy Review Comments/Liard First Nation IRs - December 20, 2019.pdf",16,False,table
"/content/drive/MyDrive/Mining documents/MiningData/YESAB Files/Adequacy Review Comments/Liard First Nation IRs - December 20, 2019.pdf",17,False,table
"/content/drive/MyDrive/Mining documents/MiningData/YESAB Files/Adequacy Review Comments/Liard First Nation IRs - December 20, 2019.pdf",18,False,table
"/content/drive/MyDrive/Mining documents/MiningData/YESAB Files/Adequacy Review Comments/Liard First Nation IRs - December 20, 2019.pdf",19,False,table
"/content/drive/MyDrive/Mining documents/MiningData/YESAB Files/Adequacy Review Comments/Liard First Nation IRs - December 20, 2019.pdf",20,False,table
"/content/drive/MyDrive/Mining documents/MiningData/YESAB Files/Adequacy Review Comments/Liard First Nation IRs - December 20, 2019.pdf",21,False,table
"/content/drive/MyDrive/Mining documents/MiningData/YESAB Files/Adequacy Review Comments/Liard First Nation IRs - December 20, 2019.pdf",22,False,table
"/content/drive/MyDrive/Mining documents/MiningData/YESAB Files/Adequacy Review Comments/Liard First Nation IRs - December 20, 2019.pdf",23,False,table
"/content/drive/MyDrive/Mining documents/MiningData/YESAB Files/Adequacy Review Comments/Liard First Nation IRs - December 20, 2019.pdf",24,False,table
"/content/drive/MyDrive/Mining documents/MiningData/YESAB Files/Adequacy Review Comments/Liard First Nation IRs - December 20, 2019.pdf",25,False,table
"/content/drive/MyDrive/Mining documents/MiningData/YESAB Files/Adequacy Review Comments/Liard First Nation IRs - December 20, 2019.pdf",26,False,table
"/content/drive/MyDrive/Mining documents/MiningData/YESAB Files/Adequacy Review Comments/Liard First Nation IRs - December 20, 2019.pdf",27,False,table
"/content/drive/MyDrive/Mining documents/MiningData/YESAB Files/Adequacy Review Comments/Liard First Nation IRs - December 20, 2019.pdf",28,False,table
"/content/drive/MyDrive/Mining documents/MiningData/YESAB Files/Adequacy Review Comments/Liard First Nation IRs - December 20, 2019.pdf",29,False,table
"/content/drive/MyDrive/Mining documents/MiningData/YESAB Files/Adequacy Review Comments/Liard First Nation IRs - December 20, 2019.pdf",30,False,table
/content/drive/MyDrive/Mining documents/MiningData/YESAB Files/Comments on IR2 Response/TM2020Nov10-Northland Adequacy Comments Faro .pdf,1,False,correspondence
/content/drive/MyDrive/Mining documents/MiningData/YESAB Files/Comments on IR2 Response/TM2020Nov10-Northland Adequacy Comments Faro .pdf,16,False,correspondence
/content/drive/MyDrive/Mining documents/MiningData/YESAB Files/2019-08-27 Letter to Executive Council Office -Adequacy Review - Invitation to Provide Comments.pdf,1,True,correspondence
/content/drive/MyDrive/Mining documents/MiningData/YESAB Files/Reference Documents Requested in IR1 Question R1-175/DRAFT Report - Faro CVP Chemistry Study.pdf,1,False,other
/content/drive/MyDrive/Mining documents/MiningData/YESAB Files/Reference Documents Requested in IR1 Question R1-175/DRAFT Report - Faro CVP Chemistry Study.pdf,2,False,other
/content/drive/MyDrive/Mining documents/MiningData/YESAB Files/Reference Documents Requested in IR1 Question R1-175/DRAFT Report - Faro CVP Chemistry Study.pdf,3,False,other
/content/drive/MyDrive/Mining documents/MiningData/YESAB Files/Reference Documents Requested in IR1 Question R1-175/DRAFT Report - Faro CVP Chemistry Study.pdf,4,False,other
/content/drive/MyDrive/Mining documents/MiningData/YESAB Files/Reference Documents Requested in IR1 Question R1-175/DRAFT Report - Faro CVP Chemistry Study.pdf,5,False,other
/content/drive/MyDrive/Mining documents/MiningData/YESAB Files/Reference Documents Requested in IR1 Question R1-175/DRAFT Report - Faro CVP Chemistry Study.pdf,6,False,other
/content/drive/MyDrive/Mining documents/MiningData/YESAB Files/Reference Documents Requested in IR1 Question R1-175/DRAFT Report - Faro CVP Chemistry Study.pdf,7,False,other
/content/drive/MyDrive/Mining documents/MiningData/YESAB Files/Reference Documents Requested in IR1 Question R1-175/DRAFT Report - Faro CVP Chemistry Study.pdf,8,False,other
/content/drive/MyDrive/Mining documents/MiningData/YESAB Files/Reference Documents Requested in IR1 Question R1-175/DRAFT Report - Faro CVP Chemistry Study.pdf,9,False,other
/content/drive/MyDrive/Mining documents/MiningData/YESAB Files/Reference Documents Requested in IR1 Question R1-175/DRAFT Report - Faro CVP Chemistry Study.pdf,10,False,other
/content/drive/MyDrive/Mining documents/MiningData/YESAB Files/Reference Documents Requested in IR1 Question R1-175/DRAFT Report - Faro CVP Chemistry Study.pdf,11,False,other
/content/drive/MyDrive/Mining documents/MiningData/YESAB Files/Reference Documents Requested in IR1 Question R1-175/DRAFT Report - Faro CVP Chemistry Study.pdf,12,False,other
/content/drive/MyDrive/Mining documents/MiningData/YESAB Files/Reference Documents Requested in IR1 Question R1-175/DRAFT Report - Faro CVP Chemistry Study.pdf,13,False,other
/content/drive/MyDrive/Mining documents/MiningData/YESAB Files/Reference Documents Requested in IR1 Question R1-175/DRAFT Report - Faro CVP Chemistry Study.pdf,14,False,other
/content/drive/MyDrive/Mining documents/MiningData/YESAB Files/Reference Documents Requested in IR1 Question R1-175/DRAFT Report - Faro CVP Chemistry Study.pdf,15,False,other
/content/drive/MyDrive/Mining documents/MiningData/YESAB Files/Reference Documents Requested in IR1 Question R1-175/DRAFT Report - Faro CVP Chemistry Study.pdf,16,False,other
/content/drive/MyDrive/Mining documents/MiningData/YESAB Files/Reference Documents Requested in IR1 Question R1-175/DRAFT Report - Faro CVP Chemistry Study.pdf,17,False,other
/content/drive/MyDrive/Mining documents/MiningData/YESAB Files/Reference Documents Requested in IR1 Question R1-175/DRAFT Report - Faro CVP Chemistry Study.pdf,18,False,other
/content/drive/MyDrive/Mining documents/MiningData/YESAB Files/Reference Documents Requested in IR1 Question R1-175/DRAFT Report - Faro CVP Chemistry Study.pdf,19,False,other
/content/drive/MyDrive/Mining documents/MiningData/YESAB Files/Reference Documents Requested in IR1 Question R1-175/DRAFT Report - Faro CVP Chemistry Study.pdf,20,False,other
/content/drive/MyDrive/Mining documents/MiningData/YESAB Files/Reference Documents Requested in IR1 Question R1-175/DRAFT Report - Faro CVP Chemistry Study.pdf,21,False,other
/content/drive/MyDrive/Mining documents/MiningData/YESAB Files/Reference Documents Requested in IR1 Question R1-175/DRAFT Report - Faro CVP Chemistry Study.pdf,22,False,other
/content/drive/MyDrive/Mining documents/MiningData/YESAB Files/Reference Documents Requested in IR1 Question R1-175/DRAFT Report - Faro CVP Chemistry Study.pdf,23,False,other
/content/drive/MyDrive/Mining documents/MiningData/YESAB Files/Reference Documents Requested in IR1 Question R1-175/DRAFT Report - Faro CVP Chemistry Study.pdf,24,False,other
/content/drive/MyDrive/Mining documents/MiningData/YESAB Files/Reference Documents Requested in IR1 Question R1-175/DRAFT Report - Faro CVP Chemistry Study.pdf,25,True,chart
/content/drive/MyDrive/Mining documents/MiningData/YESAB Files/Reference Documents Requested in IR1 Question R1-175/DRAFT Report - Faro CVP Chemistry Study.pdf,26,False,table
/content/drive/MyDrive/Mining documents/MiningData/YESAB Files/Reference Documents Requested in IR1 Question R1-175/DRAFT Report - Faro CVP Chemistry Study.pdf,27,False,table
/content/drive/MyDrive/Mining documents/MiningData/YESAB Files/Reference Documents Requested in IR1 Question R1-175/DRAFT Report - Faro CVP Chemistry Study.pdf,28,False,table
/content/drive/MyDrive/Mining documents/MiningData/YESAB Files/Reference Documents Requested in IR1 Question R1-175/DRAFT Report - Faro CVP Chemistry Study.pdf,29,False,table
/content/drive/MyDrive/Mining documents/MiningData/YESAB Files/Reference Documents Requested in IR1 Question R1-175/DRAFT Report - Faro CVP Chemistry Study.pdf,30,False,table
/content/drive/MyDrive/Mining documents/MiningData/YESAB Files/Reference Documents Requested in IR1 Question R1-175/DRAFT Report - Faro CVP Chemistry Study.pdf,31,False,table
/content/drive/MyDrive/Mining documents/MiningData/YESAB Files/Reference Documents Requested in IR1 Question R1-175/DRAFT Report - Faro CVP Chemistry Study.pdf,32,True,other
/content/drive/MyDrive/Mining documents/MiningData/YESAB Files/Reference Documents Requested in IR1 Question R1-175/DRAFT Report - Faro CVP Chemistry Study.pdf,33,False,map
/content/drive/MyDrive/Mining documents/MiningData/YESAB Files/Reference Documents Requested in IR1 Question R1-175/DRAFT Report - Faro CVP Chemistry Study.pdf,34,False,map
/content/drive/MyDrive/Mining documents/MiningData/YESAB Files/Reference Documents Requested in IR1 Question R1-175/DRAFT Report - Faro CVP Chemistry Study.pdf,35,False,other
/content/drive/MyDrive/Mining documents/MiningData/YESAB Files/Reference Documents Requested in IR1 Question R1-175/DRAFT Report - Faro CVP Chemistry Study.pdf,36,False,chart
/content/drive/MyDrive/Mining documents/MiningData/YESAB Files/Reference Documents Requested in IR1 Question R1-175/DRAFT Report - Faro CVP Chemistry Study.pdf,37,False,chart
/content/drive/MyDrive/Mining documents/MiningData/YESAB Files/Reference Documents Requested in IR1 Question R1-175/DRAFT Report - Faro CVP Chemistry Study.pdf,38,False,chart
/content/drive/MyDrive/Mining documents/MiningData/YESAB Files/Reference Documents Requested in IR1 Question R1-175/DRAFT Report - Faro CVP Chemistry Study.pdf,39,False,chart
/content/drive/MyDrive/Mining documents/MiningData/YESAB Files/Reference Documents Requested in IR1 Question R1-175/DRAFT Report - Faro CVP Chemistry Study.pdf,40,False,chart
/content/drive/MyDrive/Mining documents/MiningData/YESAB Files/Reference Documents Requested in IR1 Question R1-175/DRAFT Report - Faro CVP Chemistry Study.pdf,41,False,chart
/content/drive/MyDrive/Mining documents/MiningData/YESAB Files/Reference Documents Requested in IR1 Question R1-175/DRAFT Report - Faro CVP Chemistry Study.pdf,42,False,chart
/content/drive/MyDrive/Mining documents/MiningData/YESAB Files/Reference Documents Requested in IR1 Question R1-175/DRAFT Report - Faro CVP Chemistry Study.pdf,43,False,chart
/content/drive/MyDrive/Mining documents/MiningData/YESAB Files/2023-07-12 Email from CIRNAC - Update on Faro Mine Remediation Project's Socio-Economic Committee.pdf,1,False,correspondence
/content/drive/MyDrive/Mining documents/MiningData/YESAB Files/Information Request No. 4/SFN- IR4 Adequacy Comments Faro.pdf,1,False,correspondence
/content/drive/MyDrive/Mining documents/MiningData/YESAB Files/Reference Documents Requested in IR1 Question R1-175/Table R1-175-1 List of Documents Requested.pdf,1,False,other
/content/drive/MyDrive/Mining documents/MiningData/YESAB Files/Reference Documents Requested in IR1 Question R1-175/Table R1-175-1 List of Documents Requested.pdf,2,False,table
/content/drive/MyDrive/Mining documents/MiningData/YESAB Files/Reference Documents Requested in IR1 Question R1-175/Table R1-175-1 List of Documents Requested.pdf,3,False,table
/content/drive/MyDrive/Mining documents/MiningData/YESAB Files/Reference Documents Requested in IR1 Question R1-175/Table R1-175-1 List of Documents Requested.pdf,4,False,table
/content/drive/MyDrive/Mining documents/MiningData/YESAB Files/Reference Documents Requested in IR1 Question R1-175/Table R1-175-1 List of Documents Requested.pdf,5,False,table
/content/drive/MyDrive/Mining documents/MiningData/YESAB Files/Reference Documents Requested in IR1 Question R1-175/Table R1-175-1 List of Documents Requested.pdf,6,False,table
/content/drive/MyDrive/Mining documents/MiningData/YESAB Files/Reference Documents Requested in IR1 Question R1-175/Table R1-175-1 List of Documents Requested.pdf,7,False,table
/content/drive/MyDrive/Mining documents/MiningData/YESAB Files/Reference Documents Requested in IR1 Question R1-175/Table R1-175-1 List of Documents Requested.pdf,8,False,table
/content/drive/MyDrive/Mining documents/MiningData/YESAB Files/Reference Documents Requested in IR1 Question R1-175/Table R1-175-1 List of Documents Requested.pdf,9,False,table
/content/drive/MyDrive/Mining documents/MiningData/YESAB Files/Reference Documents Requested in IR1 Question R1-175/Table R1-175-1 List of Documents Requested.pdf,10,False,table
/content/drive/MyDrive/Mining documents/MiningData/YESAB Files/Reference Documents Requested in IR1 Question R1-175/Table R1-175-1 List of Documents Requested.pdf,11,False,table
/content/drive/MyDrive/Mining documents/MiningData/YESAB Files/Reference Documents Requested in IR1 Question R1-175/Table R1-175-1 List of Documents Requested.pdf,12,False,table
/content/drive/MyDrive/Mining documents/MiningData/YESAB Files/Reference Documents Requested in IR1 Question R1-175/Table R1-175-1 List of Documents Requested.pdf,13,False,table
/content/drive/MyDrive/Mining documents/MiningData/YESAB Files/Reference Documents Requested in IR1 Question R1-175/Table R1-175-1 List of Documents Requested.pdf,14,False,table
/content/drive/MyDrive/Mining documents/MiningData/YESAB Files/Reference Documents Requested in IR1 Question R1-175/Table R1-175-1 List of Documents Requested.pdf,15,False,table
/content/drive/MyDrive/Mining documents/MiningData/YESAB Files/21-08-11 Letter to Proponent IR4 response Invitation to Comment.pdf,1,False,correspondence
"/content/drive/MyDrive/Mining documents/MiningData/YESAB Files/Letters to Proponent, FN, NPMO, MPY, Town of Faro RE Notice of DSR/2023-05-17 Letter to LFN - Notice of DSR.pdf",1,False,correspondence
/content/drive/MyDrive/Mining documents/MiningData/YESAB Files/Reference Documents Requested in IR1 Question R1-175/Task22h_ii_.Attenuation.Report.1CD003.76.JTC.20060803.pdf,1,False,other
/content/drive/MyDrive/Mining documents/MiningData/YESAB Files/Reference Documents Requested in IR1 Question R1-175/Task22h_ii_.Attenuation.Report.1CD003.76.JTC.20060803.pdf,2,False,other
/content/drive/MyDrive/Mining documents/MiningData/YESAB Files/Reference Documents Requested in IR1 Question R1-175/Task22h_ii_.Attenuation.Report.1CD003.76.JTC.20060803.pdf,3,False,other
/content/drive/MyDrive/Mining documents/MiningData/YESAB Files/Reference Documents Requested in IR1 Question R1-175/Task22h_ii_.Attenuation.Report.1CD003.76.JTC.20060803.pdf,4,False,other
/content/drive/MyDrive/Mining documents/MiningData/YESAB Files/Reference Documents Requested in IR1 Question R1-175/Task22h_ii_.Attenuation.Report.1CD003.76.JTC.20060803.pdf,5,False,other
/content/drive/MyDrive/Mining documents/MiningData/YESAB Files/Reference Documents Requested in IR1 Question R1-175/Task22h_ii_.Attenuation.Report.1CD003.76.JTC.20060803.pdf,6,False,other
/content/drive/MyDrive/Mining documents/MiningData/YESAB Files/Reference Documents Requested in IR1 Question R1-175/Task22h_ii_.Attenuation.Report.1CD003.76.JTC.20060803.pdf,7,False,other
/content/drive/MyDrive/Mining documents/MiningData/YESAB Files/Reference Documents Requested in IR1 Question R1-175/Task22h_ii_.Attenuation.Report.1CD003.76.JTC.20060803.pdf,8,True,map
/content/drive/MyDrive/Mining documents/MiningData/YESAB Files/Reference Documents Requested in IR1 Question R1-175/Task22h_ii_.Attenuation.Report.1CD003.76.JTC.20060803.pdf,9,False,other
/content/drive/MyDrive/Mining documents/MiningData/YESAB Files/Reference Documents Requested in IR1 Question R1-175/Task22h_ii_.Attenuation.Report.1CD003.76.JTC.20060803.pdf,10,False,table
/content/drive/MyDrive/Mining documents/MiningData/YESAB Files/Reference Documents Requested in IR1 Question R1-175/Task22h_ii_.Attenuation.Report.1CD003.76.JTC.20060803.pdf,11,False,other
/content/drive/MyDrive/Mining documents/MiningData/YESAB Files/Reference Documents Requested in IR1 Question R1-175/Task22h_ii_.Attenuation.Report.1CD003.76.JTC.20060803.pdf,12,False,chart
/content/drive/MyDrive/Mining documents/MiningData/YESAB Files/Reference Documents Requested in IR1 Question R1-175/Task22h_ii_.Attenuation.Report.1CD003.76.JTC.20060803.pdf,13,False,chart
/content/drive/MyDrive/Mining documents/MiningData/YESAB Files/Reference Documents Requested in IR1 Question R1-175/Task22h_ii_.Attenuation.Report.1CD003.76.JTC.20060803.pdf,14,False,table
/content/drive/MyDrive/Mining documents/MiningData/YESAB Files/Reference Documents Requested in IR1 Question R1-175/Task22h_ii_.Attenuation.Report.1CD003.76.JTC.20060803.pdf,15,False,chart
/content/drive/MyDrive/Mining documents/MiningData/YESAB Files/Reference Documents Requested in IR1 Question R1-175/Task22h_ii_.Attenuation.Report.1CD003.76.JTC.20060803.pdf,16,False,table
/content/drive/MyDrive/Mining documents/MiningData/YESAB Files/Reference Documents Requested in IR1 Question R1-175/Task22h_ii_.Attenuation.Report.1CD003.76.JTC.20060803.pdf,17,False,table
/content/drive/MyDrive/Mining documents/MiningData/YESAB Files/Reference Documents Requested in IR1 Question R1-175/Task22h_ii_.Attenuation.Report.1CD003.76.JTC.20060803.pdf,18,False,chart
/content/drive/MyDrive/Mining documents/MiningData/YESAB Files/Reference Documents Requested in IR1 Question R1-175/Task22h_ii_.Attenuation.Report.1CD003.76.JTC.20060803.pdf,19,False,other
/content/drive/MyDrive/Mining documents/MiningData/YESAB Files/Reference Documents Requested in IR1 Question R1-175/Task22h_ii_.Attenuation.Report.1CD003.76.JTC.20060803.pdf,20,False,other
/content/drive/MyDrive/Mining documents/MiningData/YESAB Files/Reference Documents Requested in IR1 Question R1-175/Task22h_ii_.Attenuation.Report.1CD003.76.JTC.20060803.pdf,21,False,chart
/content/drive/MyDrive/Mining documents/MiningData/YESAB Files/Reference Documents Requested in IR1 Question R1-175/Task22h_ii_.Attenuation.Report.1CD003.76.JTC.20060803.pdf,22,False,chart
/content/drive/MyDrive/Mining documents/MiningData/YESAB Files/Reference Documents Requested in IR1 Question R1-175/Task22h_ii_.Attenuation.Report.1CD003.76.JTC.20060803.pdf,23,False,chart
/content/drive/MyDrive/Mining documents/MiningData/YESAB Files/Reference Documents Requested in IR1 Question R1-175/Task22h_ii_.Attenuation.Report.1CD003.76.JTC.20060803.pdf,24,False,other
/content/drive/MyDrive/Mining documents/MiningData/YESAB Files/Reference Documents Requested in IR1 Question R1-175/Task22h_ii_.Attenuation.Report.1CD003.76.JTC.20060803.pdf,25,False,other
/content/drive/MyDrive/Mining documents/MiningData/YESAB Files/Reference Documents Requested in IR1 Question R1-175/Task22h_ii_.Attenuation.Report.1CD003.76.JTC.20060803.pdf,26,False,other
/content/drive/MyDrive/Mining documents/MiningData/YESAB Files/Reference Documents Requested in IR1 Question R1-175/Task22h_ii_.Attenuation.Report.1CD003.76.JTC.20060803.pdf,27,False,map
/content/drive/MyDrive/Mining documents/MiningData/YESAB Files/Reference Documents Requested in IR1 Question R1-175/Task22h_ii_.Attenuation.Report.1CD003.76.JTC.20060803.pdf,28,False,map
/content/drive/MyDrive/Mining documents/MiningData/YESAB Files/Reference Documents Requested in IR1 Question R1-175/Task22h_ii_.Attenuation.Report.1CD003.76.JTC.20060803.pdf,29,False,map
/content/drive/MyDrive/Mining documents/MiningData/YESAB Files/Reference Documents Requested in IR1 Question R1-175/Task22h_ii_.Attenuation.Report.1CD003.76.JTC.20060803.pdf,30,False,other
/content/drive/MyDrive/Mining documents/MiningData/YESAB Files/Reference Documents Requested in IR1 Question R1-175/Task22h_ii_.Attenuation.Report.1CD003.76.JTC.20060803.pdf,31,False,other
/content/drive/MyDrive/Mining documents/MiningData/YESAB Files/Reference Documents Requested in IR1 Question R1-175/Task22h_ii_.Attenuation.Report.1CD003.76.JTC.20060803.pdf,32,False,other
/content/drive/MyDrive/Mining documents/MiningData/YESAB Files/Reference Documents Requested in IR1 Question R1-175/Task22h_ii_.Attenuation.Report.1CD003.76.JTC.20060803.pdf,33,False,other
/content/drive/MyDrive/Mining documents/MiningData/YESAB Files/Reference Documents Requested in IR1 Question R1-175/Task22h_ii_.Attenuation.Report.1CD003.76.JTC.20060803.pdf,34,False,other
/content/drive/MyDrive/Mining documents/MiningData/YESAB Files/Reference Documents Requested in IR1 Question R1-175/Task22h_ii_.Attenuation.Report.1CD003.76.JTC.20060803.pdf,35,False,table
/content/drive/MyDrive/Mining documents/MiningData/YESAB Files/Reference Documents Requested in IR1 Question R1-175/Task22h_ii_.Attenuation.Report.1CD003.76.JTC.20060803.pdf,36,False,table
/content/drive/MyDrive/Mining documents/MiningData/YESAB Files/Reference Documents Requested in IR1 Question R1-175/Task22h_ii_.Attenuation.Report.1CD003.76.JTC.20060803.pdf,37,False,table
/content/drive/MyDrive/Mining documents/MiningData/YESAB Files/Reference Documents Requested in IR1 Question R1-175/Task22h_ii_.Attenuation.Report.1CD003.76.JTC.20060803.pdf,37,False,chart
/content/drive/MyDrive/Mining documents/MiningData/YESAB Files/Reference Documents Requested in IR1 Question R1-175/Task22h_ii_.Attenuation.Report.1CD003.76.JTC.20060803.pdf,38,False,table
/content/drive/MyDrive/Mining documents/MiningData/YESAB Files/Reference Documents Requested in IR1 Question R1-175/Task22h_ii_.Attenuation.Report.1CD003.76.JTC.20060803.pdf,39,False,table
/content/drive/MyDrive/Mining documents/MiningData/YESAB Files/Reference Documents Requested in IR1 Question R1-175/Task22h_ii_.Attenuation.Report.1CD003.76.JTC.20060803.pdf,39,False,chart
/content/drive/MyDrive/Mining documents/MiningData/YESAB Files/Reference Documents Requested in IR1 Question R1-175/Task22h_ii_.Attenuation.Report.1CD003.76.JTC.20060803.pdf,40,False,table
/content/drive/MyDrive/Mining documents/MiningData/YESAB Files/Reference Documents Requested in IR1 Question R1-175/Task22h_ii_.Attenuation.Report.1CD003.76.JTC.20060803.pdf,41,False,table
/content/drive/MyDrive/Mining documents/MiningData/YESAB Files/Reference Documents Requested in IR1 Question R1-175/Task22h_ii_.Attenuation.Report.1CD003.76.JTC.20060803.pdf,41,False,chart
/content/drive/MyDrive/Mining documents/MiningData/YESAB Files/Reference Documents Requested in IR1 Question R1-175/Task22h_ii_.Attenuation.Report.1CD003.76.JTC.20060803.pdf,42,False,table
/content/drive/MyDrive/Mining documents/MiningData/YESAB Files/Reference Documents Requested in IR1 Question R1-175/Task22h_ii_.Attenuation.Report.1CD003.76.JTC.20060803.pdf,43,False,table
/content/drive/MyDrive/Mining documents/MiningData/YESAB Files/Reference Documents Requested in IR1 Question R1-175/Task22h_ii_.Attenuation.Report.1CD003.76.JTC.20060803.pdf,43,False,chart
/content/drive/MyDrive/Mining documents/MiningData/YESAB Files/Reference Documents Requested in IR1 Question R1-175/Task22h_ii_.Attenuation.Report.1CD003.76.JTC.20060803.pdf,44,False,table
/content/drive/MyDrive/Mining documents/MiningData/YESAB Files/Reference Documents Requested in IR1 Question R1-175/Task22h_ii_.Attenuation.Report.1CD003.76.JTC.20060803.pdf,45,False,table
/content/drive/MyDrive/Mining documents/MiningData/YESAB Files/Reference Documents Requested in IR1 Question R1-175/Task22h_ii_.Attenuation.Report.1CD003.76.JTC.20060803.pdf,45,False,chart
/content/drive/MyDrive/Mining documents/MiningData/YESAB Files/Reference Documents Requested in IR1 Question R1-175/Task22h_ii_.Attenuation.Report.1CD003.76.JTC.20060803.pdf,46,False,table
/content/drive/MyDrive/Mining documents/MiningData/YESAB Files/Reference Documents Requested in IR1 Question R1-175/Task22h_ii_.Attenuation.Report.1CD003.76.JTC.20060803.pdf,47,False,table
/content/drive/MyDrive/Mining documents/MiningData/YESAB Files/Reference Documents Requested in IR1 Question R1-175/Task22h_ii_.Attenuation.Report.1CD003.76.JTC.20060803.pdf,47,False,chart
/content/drive/MyDrive/Mining documents/MiningData/YESAB Files/Reference Documents Requested in IR1 Question R1-175/Task22h_ii_.Attenuation.Report.1CD003.76.JTC.20060803.pdf,48,False,table
/content/drive/MyDrive/Mining documents/MiningData/YESAB Files/Reference Documents Requested in IR1 Question R1-175/Task22h_ii_.Attenuation.Report.1CD003.76.JTC.20060803.pdf,49,False,table
/content/drive/MyDrive/Mining documents/MiningData/YESAB Files/Reference Documents Requested in IR1 Question R1-175/Task22h_ii_.Attenuation.Report.1CD003.76.JTC.20060803.pdf,49,False,chart
/content/drive/MyDrive/Mining documents/MiningData/YESAB Files/Reference Documents Requested in IR1 Question R1-175/Task22h_ii_.Attenuation.Report.1CD003.76.JTC.20060803.pdf,50,False,table
/content/drive/MyDrive/Mining documents/MiningData/YESAB Files/Reference Documents Requested in IR1 Question R1-175/Task22h_ii_.Attenuation.Report.1CD003.76.JTC.20060803.pdf,51,False,table
/content/drive/MyDrive/Mining documents/MiningData/YESAB Files/Reference Documents Requested in IR1 Question R1-175/Task22h_ii_.Attenuation.Report.1CD003.76.JTC.20060803.pdf,51,False,chart
/content/drive/MyDrive/Mining documents/MiningData/YESAB Files/Reference Documents Requested in IR1 Question R1-175/Task22h_ii_.Attenuation.Report.1CD003.76.JTC.20060803.pdf,52,False,table
/content/drive/MyDrive/Mining documents/MiningData/YESAB Files/Reference Documents Requested in IR1 Question R1-175/Task22h_ii_.Attenuation.Report.1CD003.76.JTC.20060803.pdf,53,False,table
/content/drive/MyDrive/Mining documents/MiningData/YESAB Files/Reference Documents Requested in IR1 Question R1-175/Task22h_ii_.Attenuation.Report.1CD003.76.JTC.20060803.pdf,53,False,chart
/content/drive/MyDrive/Mining documents/MiningData/YESAB Files/Reference Documents Requested in IR1 Question R1-175/Task22h_ii_.Attenuation.Report.1CD003.76.JTC.20060803.pdf,54,False,table
/content/drive/MyDrive/Mining documents/MiningData/YESAB Files/Reference Documents Requested in IR1 Question R1-175/Task22h_ii_.Attenuation.Report.1CD003.76.JTC.20060803.pdf,55,False,table
/content/drive/MyDrive/Mining documents/MiningData/YESAB Files/Reference Documents Requested in IR1 Question R1-175/Task22h_ii_.Attenuation.Report.1CD003.76.JTC.20060803.pdf,55,False,chart
/content/drive/MyDrive/Mining documents/MiningData/YESAB Files/Reference Documents Requested in IR1 Question R1-175/Task22h_ii_.Attenuation.Report.1CD003.76.JTC.20060803.pdf,56,False,table
/content/drive/MyDrive/Mining documents/MiningData/YESAB Files/Reference Documents Requested in IR1 Question R1-175/Task22h_ii_.Attenuation.Report.1CD003.76.JTC.20060803.pdf,57,False,table
/content/drive/MyDrive/Mining documents/MiningData/YESAB Files/Reference Documents Requested in IR1 Question R1-175/Task22h_ii_.Attenuation.Report.1CD003.76.JTC.20060803.pdf,57,False,chart
/content/drive/MyDrive/Mining documents/MiningData/YESAB Files/Reference Documents Requested in IR1 Question R1-175/Task22h_ii_.Attenuation.Report.1CD003.76.JTC.20060803.pdf,58,False,other
/content/drive/MyDrive/Mining documents/MiningData/YESAB Files/Reference Documents Requested in IR1 Question R1-175/Task22h_ii_.Attenuation.Report.1CD003.76.JTC.20060803.pdf,59,False,correspondence
/content/drive/MyDrive/Mining documents/MiningData/YESAB Files/Reference Documents Requested in IR1 Question R1-175/Task22h_ii_.Attenuation.Report.1CD003.76.JTC.20060803.pdf,60,False,table
/content/drive/MyDrive/Mining documents/MiningData/YESAB Files/Reference Documents Requested in IR1 Question R1-175/Task22h_ii_.Attenuation.Report.1CD003.76.JTC.20060803.pdf,61,False,chart
/content/drive/MyDrive/Mining documents/MiningData/YESAB Files/Reference Documents Requested in IR1 Question R1-175/Task22h_ii_.Attenuation.Report.1CD003.76.JTC.20060803.pdf,63,False,table
/content/drive/MyDrive/Mining documents/MiningData/YESAB Files/Reference Documents Requested in IR1 Question R1-175/Task22h_ii_.Attenuation.Report.1CD003.76.JTC.20060803.pdf,65,False,table
/content/drive/MyDrive/Mining documents/MiningData/YESAB Files/Reference Documents Requested in IR1 Question R1-175/Task22h_ii_.Attenuation.Report.1CD003.76.JTC.20060803.pdf,67,False,table
/content/drive/MyDrive/Mining documents/MiningData/YESAB Files/Reference Documents Requested in IR1 Question R1-175/Task22h_ii_.Attenuation.Report.1CD003.76.JTC.20060803.pdf,68,False,table
/content/drive/MyDrive/Mining documents/MiningData/YESAB Files/Reference Documents Requested in IR1 Question R1-175/Task22h_ii_.Attenuation.Report.1CD003.76.JTC.20060803.pdf,75,False,other
/content/drive/MyDrive/Mining documents/MiningData/YESAB Files/Reference Documents Requested in IR1 Question R1-175/Task22h_ii_.Attenuation.Report.1CD003.76.JTC.20060803.pdf,76,False,table
/content/drive/MyDrive/Mining documents/MiningData/YESAB Files/Reference Documents Requested in IR1 Question R1-175/Task22h_ii_.Attenuation.Report.1CD003.76.JTC.20060803.pdf,77,False,table
/content/drive/MyDrive/Mining documents/MiningData/YESAB Files/Reference Documents Requested in IR1 Question R1-175/Task22h_ii_.Attenuation.Report.1CD003.76.JTC.20060803.pdf,78,False,table
/content/drive/MyDrive/Mining documents/MiningData/YESAB Files/Reference Documents Requested in IR1 Question R1-175/Task22h_ii_.Attenuation.Report.1CD003.76.JTC.20060803.pdf,79,False,table
/content/drive/MyDrive/Mining documents/MiningData/YESAB Files/Reference Documents Requested in IR1 Question R1-175/Task22h_ii_.Attenuation.Report.1CD003.76.JTC.20060803.pdf,80,False,table
/content/drive/MyDrive/Mining documents/MiningData/YESAB Files/Reference Documents Requested in IR1 Question R1-175/Task22h_ii_.Attenuation.Report.1CD003.76.JTC.20060803.pdf,81,False,table
/content/drive/MyDrive/Mining documents/MiningData/YESAB Files/Reference Documents Requested in IR1 Question R1-175/Task22h_ii_.Attenuation.Report.1CD003.76.JTC.20060803.pdf,82,False,table
/content/drive/MyDrive/Mining documents/MiningData/YESAB Files/Reference Documents Requested in IR1 Question R1-175/Task22h_ii_.Attenuation.Report.1CD003.76.JTC.20060803.pdf,83,False,table
/content/drive/MyDrive/Mining documents/MiningData/YESAB Files/Reference Documents Requested in IR1 Question R1-175/Task22h_ii_.Attenuation.Report.1CD003.76.JTC.20060803.pdf,84,False,other
/content/drive/MyDrive/Mining documents/MiningData/YESAB Files/Reference Documents Requested in IR1 Question R1-175/Task22h_ii_.Attenuation.Report.1CD003.76.JTC.20060803.pdf,85,False,other
/content/drive/MyDrive/Mining documents/MiningData/YESAB Files/Reference Documents Requested in IR1 Question R1-175/Task22h_ii_.Attenuation.Report.1CD003.76.JTC.20060803.pdf,86,False,other
/content/drive/MyDrive/Mining documents/MiningData/YESAB Files/Reference Documents Requested in IR1 Question R1-175/Task22h_ii_.Attenuation.Report.1CD003.76.JTC.20060803.pdf,87,False,other
/content/drive/MyDrive/Mining documents/MiningData/YESAB Files/Reference Documents Requested in IR1 Question R1-175/Task22h_ii_.Attenuation.Report.1CD003.76.JTC.20060803.pdf,88,False,other
/content/drive/MyDrive/Mining documents/MiningData/YESAB Files/Reference Documents Requested in IR1 Question R1-175/Task22h_ii_.Attenuation.Report.1CD003.76.JTC.20060803.pdf,89,False,other
/content/drive/MyDrive/Mining documents/MiningData/YESAB Files/Reference Documents Requested in IR1 Question R1-175/Task22h_ii_.Attenuation.Report.1CD003.76.JTC.20060803.pdf,90,False,other
/content/drive/MyDrive/Mining documents/MiningData/YESAB Files/Reference Documents Requested in IR1 Question R1-175/Task22h_ii_.Attenuation.Report.1CD003.76.JTC.20060803.pdf,91,False,other
/content/drive/MyDrive/Mining documents/MiningData/YESAB Files/Reference Documents Requested in IR1 Question R1-175/Task22h_ii_.Attenuation.Report.1CD003.76.JTC.20060803.pdf,92,False,other
/content/drive/MyDrive/Mining documents/MiningData/YESAB Files/Reference Documents Requested in IR1 Question R1-175/Task22h_ii_.Attenuation.Report.1CD003.76.JTC.20060803.pdf,93,False,other
/content/drive/MyDrive/Mining documents/MiningData/YESAB Files/Reference Documents Requested in IR1 Question R1-175/Task22h_ii_.Attenuation.Report.1CD003.76.JTC.20060803.pdf,94,False,other
/content/drive/MyDrive/Mining documents/MiningData/YESAB Files/Reference Documents Requested in IR1 Question R1-175/Task22h_ii_.Attenuation.Report.1CD003.76.JTC.20060803.pdf,95,False,other
/content/drive/MyDrive/Mining documents/MiningData/YESAB Files/Reference Documents Requested in IR1 Question R1-175/Task22h_ii_.Attenuation.Report.1CD003.76.JTC.20060803.pdf,96,False,chart
/content/drive/MyDrive/Mining documents/MiningData/YESAB Files/Reference Documents Requested in IR1 Question R1-175/Task22h_ii_.Attenuation.Report.1CD003.76.JTC.20060803.pdf,97,False,other
/content/drive/MyDrive/Mining documents/MiningData/YESAB Files/Reference Documents Requested in IR1 Question R1-175/Task22h_ii_.Attenuation.Report.1CD003.76.JTC.20060803.pdf,98,False,other
/content/drive/MyDrive/Mining documents/MiningData/YESAB Files/Reference Documents Requested in IR1 Question R1-175/Task22h_ii_.Attenuation.Report.1CD003.76.JTC.20060803.pdf,99,False,other
/content/drive/MyDrive/Mining documents/MiningData/YESAB Files/Reference Documents Requested in IR1 Question R1-175/Task22h_ii_.Attenuation.Report.1CD003.76.JTC.20060803.pdf,100,False,other
/content/drive/MyDrive/Mining documents/MiningData/YESAB Files/Reference Documents Requested in IR1 Question R1-175/Task22h_ii_.Attenuation.Report.1CD003.76.JTC.20060803.pdf,101,False,chart
/content/drive/MyDrive/Mining documents/MiningData/YESAB Files/Reference Documents Requested in IR1 Question R1-175/Task22h_ii_.Attenuation.Report.1CD003.76.JTC.20060803.pdf,102,False,chart
/content/drive/MyDrive/Mining documents/MiningData/YESAB Files/Reference Documents Requested in IR1 Question R1-175/Task22h_ii_.Attenuation.Report.1CD003.76.JTC.20060803.pdf,103,False,other
/content/drive/MyDrive/Mining documents/MiningData/YESAB Files/Reference Documents Requested in IR1 Question R1-175/Task22h_ii_.Attenuation.Report.1CD003.76.JTC.20060803.pdf,104,False,other
/content/drive/MyDrive/Mining documents/MiningData/YESAB Files/Reference Documents Requested in IR1 Question R1-175/Task22h_ii_.Attenuation.Report.1CD003.76.JTC.20060803.pdf,105,False,other
/content/drive/MyDrive/Mining documents/MiningData/YESAB Files/Reference Documents Requested in IR1 Question R1-175/Task22h_ii_.Attenuation.Report.1CD003.76.JTC.20060803.pdf,106,False,other
/content/drive/MyDrive/Mining documents/MiningData/YESAB Files/Reference Documents Requested in IR1 Question R1-175/Task22h_ii_.Attenuation.Report.1CD003.76.JTC.20060803.pdf,107,False,other
/content/drive/MyDrive/Mining documents/MiningData/YESAB Files/Reference Documents Requested in IR1 Question R1-175/Task22h_ii_.Attenuation.Report.1CD003.76.JTC.20060803.pdf,108,False,other
/content/drive/MyDrive/Mining documents/MiningData/YESAB Files/Reference Documents Requested in IR1 Question R1-175/Task22h_ii_.Attenuation.Report.1CD003.76.JTC.20060803.pdf,109,False,other
/content/drive/MyDrive/Mining documents/MiningData/YESAB Files/Reference Documents Requested in IR1 Question R1-175/Task22h_ii_.Attenuation.Report.1CD003.76.JTC.20060803.pdf,110,False,other
/content/drive/MyDrive/Mining documents/MiningData/YESAB Files/Reference Documents Requested in IR1 Question R1-175/Task22h_ii_.Attenuation.Report.1CD003.76.JTC.20060803.pdf,111,False,chart
/content/drive/MyDrive/Mining documents/MiningData/YESAB Files/Reference Documents Requested in IR1 Question R1-175/Task22h_ii_.Attenuation.Report.1CD003.76.JTC.20060803.pdf,112,False,chart
/content/drive/MyDrive/Mining documents/MiningData/YESAB Files/Reference Documents Requested in IR1 Question R1-175/Task22h_ii_.Attenuation.Report.1CD003.76.JTC.20060803.pdf,113,False,other
/content/drive/MyDrive/Mining documents/MiningData/YESAB Files/Reference Documents Requested in IR1 Question R1-175/Task22h_ii_.Attenuation.Report.1CD003.76.JTC.20060803.pdf,114,False,chart
/content/drive/MyDrive/Mining documents/MiningData/YESAB Files/Reference Documents Requested in IR1 Question R1-175/Task22h_ii_.Attenuation.Report.1CD003.76.JTC.20060803.pdf,115,False,other
/content/drive/MyDrive/Mining documents/MiningData/YESAB Files/Reference Documents Requested in IR1 Question R1-175/Task22h_ii_.Attenuation.Report.1CD003.76.JTC.20060803.pdf,116,False,chart
/content/drive/MyDrive/Mining documents/MiningData/YESAB Files/Reference Documents Requested in IR1 Question R1-175/Task22h_ii_.Attenuation.Report.1CD003.76.JTC.20060803.pdf,117,False,other
/content/drive/MyDrive/Mining documents/MiningData/YESAB Files/Reference Documents Requested in IR1 Question R1-175/Task22h_ii_.Attenuation.Report.1CD003.76.JTC.20060803.pdf,118,False,other
/content/drive/MyDrive/Mining documents/MiningData/YESAB Files/Reference Documents Requested in IR1 Question R1-175/Task22h_ii_.Attenuation.Report.1CD003.76.JTC.20060803.pdf,119,False,other
/content/drive/MyDrive/Mining documents/MiningData/YESAB Files/Reference Documents Requested in IR1 Question R1-175/Task22h_ii_.Attenuation.Report.1CD003.76.JTC.20060803.pdf,120,False,other
/content/drive/MyDrive/Mining documents/MiningData/YESAB Files/Reference Documents Requested in IR1 Question R1-175/Task22h_ii_.Attenuation.Report.1CD003.76.JTC.20060803.pdf,121,False,chart
/content/drive/MyDrive/Mining documents/MiningData/YESAB Files/Reference Documents Requested in IR1 Question R1-175/Task22h_ii_.Attenuation.Report.1CD003.76.JTC.20060803.pdf,122,False,other
/content/drive/MyDrive/Mining documents/MiningData/YESAB Files/Reference Documents Requested in IR1 Question R1-175/Task22h_ii_.Attenuation.Report.1CD003.76.JTC.20060803.pdf,123,False,other
/content/drive/MyDrive/Mining documents/MiningData/YESAB Files/Reference Documents Requested in IR1 Question R1-175/Task22h_ii_.Attenuation.Report.1CD003.76.JTC.20060803.pdf,124,False,chart
/content/drive/MyDrive/Mining documents/MiningData/YESAB Files/Reference Documents Requested in IR1 Question R1-175/Task22h_ii_.Attenuation.Report.1CD003.76.JTC.20060803.pdf,125,False,other
/content/drive/MyDrive/Mining documents/MiningData/YESAB Files/Reference Documents Requested in IR1 Question R1-175/Task22h_ii_.Attenuation.Report.1CD003.76.JTC.20060803.pdf,126,False,chart
/content/drive/MyDrive/Mining documents/MiningData/YESAB Files/Reference Documents Requested in IR1 Question R1-175/Task22h_ii_.Attenuation.Report.1CD003.76.JTC.20060803.pdf,127,False,table
"/content/drive/MyDrive/Mining documents/MiningData/YESAB Files/Funding Available to Participants - NPFP/LETTER TO YESAB CHAIR - FUNDING TO Faro (Sept 6, 2019)_Redacted.pdf",1,True,correspondence
"/content/drive/MyDrive/Mining documents/MiningData/YESAB Files/Funding Available to Participants - NPFP/LETTER TO YESAB CHAIR - FUNDING TO Faro (Sept 6, 2019)_Redacted.pdf",4,True,other
/content/drive/MyDrive/Mining documents/MiningData/YESAB Files/Comments on IR1 Response/2019-0149-3258 2020-05-13 LFN-Faro_Comments on adequacy.pdf,1,False,table
/content/drive/MyDrive/Mining documents/MiningData/YESAB Files/Comments on IR1 Response/2019-0149-3258 2020-05-13 LFN-Faro_Comments on adequacy.pdf,2,False,table
/content/drive/MyDrive/Mining documents/MiningData/YESAB Files/Comments on IR1 Response/2019-0149-3258 2020-05-13 LFN-Faro_Comments on adequacy.pdf,3,False,table
/content/drive/MyDrive/Mining documents/MiningData/YESAB Files/Comments on IR1 Response/2019-0149-3258 2020-05-13 LFN-Faro_Comments on adequacy.pdf,4,False,table
/content/drive/MyDrive/Mining documents/MiningData/YESAB Files/Comments on IR1 Response/2019-0149-3258 2020-05-13 LFN-Faro_Comments on adequacy.pdf,5,False,table
/content/drive/MyDrive/Mining documents/MiningData/YESAB Files/Comments on IR1 Response/2019-0149-3258 2020-05-13 LFN-Faro_Comments on adequacy.pdf,6,False,table
/content/drive/MyDrive/Mining documents/MiningData/YESAB Files/Comments on IR1 Response/2019-0149-3258 2020-05-13 LFN-Faro_Comments on adequacy.pdf,7,False,table
/content/drive/MyDrive/Mining documents/MiningData/YESAB Files/Comments on IR1 Response/2019-0149-3258 2020-05-13 LFN-Faro_Comments on adequacy.pdf,8,False,table
/content/drive/MyDrive/Mining documents/MiningData/YESAB Files/Comments on IR1 Response/2019-0149-3258 2020-05-13 LFN-Faro_Comments on adequacy.pdf,9,False,table
/content/drive/MyDrive/Mining documents/MiningData/YESAB Files/Comments on IR1 Response/2019-0149-3258 2020-05-13 LFN-Faro_Comments on adequacy.pdf,10,False,table
/content/drive/MyDrive/Mining documents/MiningData/YESAB Files/Comments on IR1 Response/2019-0149-3258 2020-05-13 LFN-Faro_Comments on adequacy.pdf,11,False,table
/content/drive/MyDrive/Mining documents/MiningData/YESAB Files/Comments on IR1 Response/2019-0149-3258 2020-05-13 LFN-Faro_Comments on adequacy.pdf,12,False,table
/content/drive/MyDrive/Mining documents/MiningData/YESAB Files/Comments on IR1 Response/2019-0149-3258 2020-05-13 LFN-Faro_Comments on adequacy.pdf,13,False,table
/content/drive/MyDrive/Mining documents/MiningData/YESAB Files/Comments on IR1 Response/2019-0149-3258 2020-05-13 LFN-Faro_Comments on adequacy.pdf,14,False,table
/content/drive/MyDrive/Mining documents/MiningData/YESAB Files/Comments on IR1 Response/2019-0149-3258 2020-05-13 LFN-Faro_Comments on adequacy.pdf,15,False,table
/content/drive/MyDrive/Mining documents/MiningData/YESAB Files/Comments on IR1 Response/2019-0149-3258 2020-05-13 LFN-Faro_Comments on adequacy.pdf,16,False,table
/content/drive/MyDrive/Mining documents/MiningData/YESAB Files/Comments on IR1 Response/2019-0149-3258 2020-05-13 LFN-Faro_Comments on adequacy.pdf,17,False,table
/content/drive/MyDrive/Mining documents/MiningData/YESAB Files/Comments on IR1 Response/2019-0149-3258 2020-05-13 LFN-Faro_Comments on adequacy.pdf,18,False,table
/content/drive/MyDrive/Mining documents/MiningData/YESAB Files/Comments on IR1 Response/2019-0149-3258 2020-05-13 LFN-Faro_Comments on adequacy.pdf,19,False,table
/content/drive/MyDrive/Mining documents/MiningData/YESAB Files/Comments on IR1 Response/2019-0149-3258 2020-05-13 LFN-Faro_Comments on adequacy.pdf,20,False,table
/content/drive/MyDrive/Mining documents/MiningData/YESAB Files/Comments on IR1 Response/2019-0149-3258 2020-05-13 LFN-Faro_Comments on adequacy.pdf,21,False,table
/content/drive/MyDrive/Mining documents/MiningData/YESAB Files/Comments on IR1 Response/2019-0149-3258 2020-05-13 LFN-Faro_Comments on adequacy.pdf,22,False,table
/content/drive/MyDrive/Mining documents/MiningData/YESAB Files/Comments on IR1 Response/2019-0149-3258 2020-05-13 LFN-Faro_Comments on adequacy.pdf,23,False,table
/content/drive/MyDrive/Mining documents/MiningData/YESAB Files/Comments on IR1 Response/2019-0149-3258 2020-05-13 LFN-Faro_Comments on adequacy.pdf,24,False,table
/content/drive/MyDrive/Mining documents/MiningData/YESAB Files/Comments on IR1 Response/2019-0149-3258 2020-05-13 LFN-Faro_Comments on adequacy.pdf,25,False,table
/content/drive/MyDrive/Mining documents/MiningData/YESAB Files/Comments on IR1 Response/2019-0149-3258 2020-05-13 LFN-Faro_Comments on adequacy.pdf,26,False,table
/content/drive/MyDrive/Mining documents/MiningData/YESAB Files/Comments on IR1 Response/2019-0149-3258 2020-05-13 LFN-Faro_Comments on adequacy.pdf,27,False,table
/content/drive/MyDrive/Mining documents/MiningData/YESAB Files/Comments on IR1 Response/2019-0149-3258 2020-05-13 LFN-Faro_Comments on adequacy.pdf,28,False,table
/content/drive/MyDrive/Mining documents/MiningData/YESAB Files/Comments on IR1 Response/2019-0149-3258 2020-05-13 LFN-Faro_Comments on adequacy.pdf,29,False,table
/content/drive/MyDrive/Mining documents/MiningData/YESAB Files/Comments on IR1 Response/2019-0149-3258 2020-05-13 LFN-Faro_Comments on adequacy.pdf,30,False,table
/content/drive/MyDrive/Mining documents/MiningData/YESAB Files/Comments on IR1 Response/2019-0149-3258 2020-05-13 LFN-Faro_Comments on adequacy.pdf,31,False,table
/content/drive/MyDrive/Mining documents/MiningData/YESAB Files/Comments on IR1 Response/2019-0149-3258 2020-05-13 LFN-Faro_Comments on adequacy.pdf,32,False,table
/content/drive/MyDrive/Mining documents/MiningData/YESAB Files/Comments on IR1 Response/2019-0149-3258 2020-05-13 LFN-Faro_Comments on adequacy.pdf,33,False,table
/content/drive/MyDrive/Mining documents/MiningData/YESAB Files/Comments on IR1 Response/2019-0149-3258 2020-05-13 LFN-Faro_Comments on adequacy.pdf,34,False,table
/content/drive/MyDrive/Mining documents/MiningData/YESAB Files/Comments on IR1 Response/2019-0149-3258 2020-05-13 LFN-Faro_Comments on adequacy.pdf,35,False,table
/content/drive/MyDrive/Mining documents/MiningData/YESAB Files/Comments on IR1 Response/2019-0149-3258 2020-05-13 LFN-Faro_Comments on adequacy.pdf,36,False,table
/content/drive/MyDrive/Mining documents/MiningData/YESAB Files/Comments on IR1 Response/2019-0149-3258 2020-05-13 LFN-Faro_Comments on adequacy.pdf,37,False,table
/content/drive/MyDrive/Mining documents/MiningData/YESAB Files/Comments on IR1 Response/2019-0149-3258 2020-05-13 LFN-Faro_Comments on adequacy.pdf,38,False,table
/content/drive/MyDrive/Mining documents/MiningData/YESAB Files/Comments on IR1 Response/2019-0149-3258 2020-05-13 LFN-Faro_Comments on adequacy.pdf,39,False,table
/content/drive/MyDrive/Mining documents/MiningData/YESAB Files/Comments on IR1 Response/2019-0149-3258 2020-05-13 LFN-Faro_Comments on adequacy.pdf,40,False,table
/content/drive/MyDrive/Mining documents/MiningData/YESAB Files/Comments on IR1 Response/2019-0149-3258 2020-05-13 LFN-Faro_Comments on adequacy.pdf,41,False,table
/content/drive/MyDrive/Mining documents/MiningData/YESAB Files/Comments on IR1 Response/2019-0149-3258 2020-05-13 LFN-Faro_Comments on adequacy.pdf,42,False,table
/content/drive/MyDrive/Mining documents/MiningData/YESAB Files/Comments on IR1 Response/2019-0149-3258 2020-05-13 LFN-Faro_Comments on adequacy.pdf,43,False,table
/content/drive/MyDrive/Mining documents/MiningData/YESAB Files/Comments on IR1 Response/2019-0149-3258 2020-05-13 LFN-Faro_Comments on adequacy.pdf,44,False,table
/content/drive/MyDrive/Mining documents/MiningData/YESAB Files/Comments on IR1 Response/2019-0149-3258 2020-05-13 LFN-Faro_Comments on adequacy.pdf,45,False,table
/content/drive/MyDrive/Mining documents/MiningData/YESAB Files/Comments on IR1 Response/2019-0149-3258 2020-05-13 LFN-Faro_Comments on adequacy.pdf,46,False,table
/content/drive/MyDrive/Mining documents/MiningData/YESAB Files/Reference Documents Requested in IR1 Question R1-175/App6E-Aquatic_Baseline_Redacted.pdf,1,False,other
/content/drive/MyDrive/Mining documents/MiningData/YESAB Files/Reference Documents Requested in IR1 Question R1-175/App6E-Aquatic_Baseline_Redacted.pdf,2,False,other
/content/drive/MyDrive/Mining documents/MiningData/YESAB Files/Reference Documents Requested in IR1 Question R1-175/App6E-Aquatic_Baseline_Redacted.pdf,3,True,other
/content/drive/MyDrive/Mining documents/MiningData/YESAB Files/Reference Documents Requested in IR1 Question R1-175/App6E-Aquatic_Baseline_Redacted.pdf,4,False,other
/content/drive/MyDrive/Mining documents/MiningData/YESAB Files/Reference Documents Requested in IR1 Question R1-175/App6E-Aquatic_Baseline_Redacted.pdf,5,False,other
/content/drive/MyDrive/Mining documents/MiningData/YESAB Files/Reference Documents Requested in IR1 Question R1-175/App6E-Aquatic_Baseline_Redacted.pdf,6,False,other
/content/drive/MyDrive/Mining documents/MiningData/YESAB Files/Reference Documents Requested in IR1 Question R1-175/App6E-Aquatic_Baseline_Redacted.pdf,7,False,other
/content/drive/MyDrive/Mining documents/MiningData/YESAB Files/Reference Documents Requested in IR1 Question R1-175/App6E-Aquatic_Baseline_Redacted.pdf,8,False,other
/content/drive/MyDrive/Mining documents/MiningData/YESAB Files/Reference Documents Requested in IR1 Question R1-175/App6E-Aquatic_Baseline_Redacted.pdf,9,False,other
/content/drive/MyDrive/Mining documents/MiningData/YESAB Files/Reference Documents Requested in IR1 Question R1-175/App6E-Aquatic_Baseline_Redacted.pdf,10,False,other
/content/drive/MyDrive/Mining documents/MiningData/YESAB Files/Reference Documents Requested in IR1 Question R1-175/App6E-Aquatic_Baseline_Redacted.pdf,11,False,other
/content/drive/MyDrive/Mining documents/MiningData/YESAB Files/Reference Documents Requested in IR1 Question R1-175/App6E-Aquatic_Baseline_Redacted.pdf,12,False,other
/content/drive/MyDrive/Mining documents/MiningData/YESAB Files/Reference Documents Requested in IR1 Question R1-175/App6E-Aquatic_Baseline_Redacted.pdf,13,False,other
/content/drive/MyDrive/Mining documents/MiningData/YESAB Files/Reference Documents Requested in IR1 Question R1-175/App6E-Aquatic_Baseline_Redacted.pdf,14,False,other
/content/drive/MyDrive/Mining documents/MiningData/YESAB Files/Reference Documents Requested in IR1 Question R1-175/App6E-Aquatic_Baseline_Redacted.pdf,15,False,map
/content/drive/MyDrive/Mining documents/MiningData/YESAB Files/Reference Documents Requested in IR1 Question R1-175/App6E-Aquatic_Baseline_Redacted.pdf,16,False,other
/content/drive/MyDrive/Mining documents/MiningData/YESAB Files/Reference Documents Requested in IR1 Question R1-175/App6E-Aquatic_Baseline_Redacted.pdf,17,False,other
/content/drive/MyDrive/Mining documents/MiningData/YESAB Files/Reference Documents Requested in IR1 Question R1-175/App6E-Aquatic_Baseline_Redacted.pdf,18,False,map
/content/drive/MyDrive/Mining documents/MiningData/YESAB Files/Reference Documents Requested in IR1 Question R1-175/App6E-Aquatic_Baseline_Redacted.pdf,19,False,other
/content/drive/MyDrive/Mining documents/MiningData/YESAB Files/Reference Documents Requested in IR1 Question R1-175/App6E-Aquatic_Baseline_Redacted.pdf,20,False,map
/content/drive/MyDrive/Mining documents/MiningData/YESAB Files/Reference Documents Requested in IR1 Question R1-175/App6E-Aquatic_Baseline_Redacted.pdf,21,False,other
/content/drive/MyDrive/Mining documents/MiningData/YESAB Files/Reference Documents Requested in IR1 Question R1-175/App6E-Aquatic_Baseline_Redacted.pdf,22,False,other
/content/drive/MyDrive/Mining documents/MiningData/YESAB Files/Reference Documents Requested in IR1 Question R1-175/App6E-Aquatic_Baseline_Redacted.pdf,23,False,other
/content/drive/MyDrive/Mining documents/MiningData/YESAB Files/Reference Documents Requested in IR1 Question R1-175/App6E-Aquatic_Baseline_Redacted.pdf,24,False,table
/content/drive/MyDrive/Mining documents/MiningData/YESAB Files/Reference Documents Requested in IR1 Question R1-175/App6E-Aquatic_Baseline_Redacted.pdf,25,False,table
/content/drive/MyDrive/Mining documents/MiningData/YESAB Files/Reference Documents Requested in IR1 Question R1-175/App6E-Aquatic_Baseline_Redacted.pdf,26,False,other
/content/drive/MyDrive/Mining documents/MiningData/YESAB Files/Reference Documents Requested in IR1 Question R1-175/App6E-Aquatic_Baseline_Redacted.pdf,27,False,table
/content/drive/MyDrive/Mining documents/MiningData/YESAB Files/Reference Documents Requested in IR1 Question R1-175/App6E-Aquatic_Baseline_Redacted.pdf,28,False,other
/content/drive/MyDrive/Mining documents/MiningData/YESAB Files/Reference Documents Requested in IR1 Question R1-175/App6E-Aquatic_Baseline_Redacted.pdf,29,False,map
/content/drive/MyDrive/Mining documents/MiningData/YESAB Files/Reference Documents Requested in IR1 Question R1-175/App6E-Aquatic_Baseline_Redacted.pdf,30,False,table
/content/drive/MyDrive/Mining documents/MiningData/YESAB Files/Reference Documents Requested in IR1 Question R1-175/App6E-Aquatic_Baseline_Redacted.pdf,31,False,map
/content/drive/MyDrive/Mining documents/MiningData/YESAB Files/Reference Documents Requested in IR1 Question R1-175/App6E-Aquatic_Baseline_Redacted.pdf,32,False,map
/content/drive/MyDrive/Mining documents/MiningData/YESAB Files/Reference Documents Requested in IR1 Question R1-175/App6E-Aquatic_Baseline_Redacted.pdf,33,False,other
/content/drive/MyDrive/Mining documents/MiningData/YESAB Files/Reference Documents Requested in IR1 Question R1-175/App6E-Aquatic_Baseline_Redacted.pdf,34,False,other
/content/drive/MyDrive/Mining documents/MiningData/YESAB Files/Reference Documents Requested in IR1 Question R1-175/App6E-Aquatic_Baseline_Redacted.pdf,35,False,other
/content/drive/MyDrive/Mining documents/MiningData/YESAB Files/Reference Documents Requested in IR1 Question R1-175/App6E-Aquatic_Baseline_Redacted.pdf,36,False,map
/content/drive/MyDrive/Mining documents/MiningData/YESAB Files/Reference Documents Requested in IR1 Question R1-175/App6E-Aquatic_Baseline_Redacted.pdf,37,False,other
/content/drive/MyDrive/Mining documents/MiningData/YESAB Files/Reference Documents Requested in IR1 Question R1-175/App6E-Aquatic_Baseline_Redacted.pdf,38,False,other
/content/drive/MyDrive/Mining documents/MiningData/YESAB Files/Reference Documents Requested in IR1 Question R1-175/App6E-Aquatic_Baseline_Redacted.pdf,39,False,table
/content/drive/MyDrive/Mining documents/MiningData/YESAB Files/Reference Documents Requested in IR1 Question R1-175/App6E-Aquatic_Baseline_Redacted.pdf,40,False,other
/content/drive/MyDrive/Mining documents/MiningData/YESAB Files/Reference Documents Requested in IR1 Question R1-175/App6E-Aquatic_Baseline_Redacted.pdf,41,False,table
/content/drive/MyDrive/Mining documents/MiningData/YESAB Files/Reference Documents Requested in IR1 Question R1-175/App6E-Aquatic_Baseline_Redacted.pdf,42,False,table
/content/drive/MyDrive/Mining documents/MiningData/YESAB Files/Reference Documents Requested in IR1 Question R1-175/App6E-Aquatic_Baseline_Redacted.pdf,43,False,other
/content/drive/MyDrive/Mining documents/MiningData/YESAB Files/Reference Documents Requested in IR1 Question R1-175/App6E-Aquatic_Baseline_Redacted.pdf,44,False,table
/content/drive/MyDrive/Mining documents/MiningData/YESAB Files/Reference Documents Requested in IR1 Question R1-175/App6E-Aquatic_Baseline_Redacted.pdf,45,False,table
/content/drive/MyDrive/Mining documents/MiningData/YESAB Files/Reference Documents Requested in IR1 Question R1-175/App6E-Aquatic_Baseline_Redacted.pdf,46,False,table
/content/drive/MyDrive/Mining documents/MiningData/YESAB Files/Reference Documents Requested in IR1 Question R1-175/App6E-Aquatic_Baseline_Redacted.pdf,47,False,other
/content/drive/MyDrive/Mining documents/MiningData/YESAB Files/Reference Documents Requested in IR1 Question R1-175/App6E-Aquatic_Baseline_Redacted.pdf,48,False,table
/content/drive/MyDrive/Mining documents/MiningData/YESAB Files/Reference Documents Requested in IR1 Question R1-175/App6E-Aquatic_Baseline_Redacted.pdf,49,False,chart
/content/drive/MyDrive/Mining documents/MiningData/YESAB Files/Reference Documents Requested in IR1 Question R1-175/App6E-Aquatic_Baseline_Redacted.pdf,50,False,other
/content/drive/MyDrive/Mining documents/MiningData/YESAB Files/Reference Documents Requested in IR1 Question R1-175/App6E-Aquatic_Baseline_Redacted.pdf,51,False,chart
/content/drive/MyDrive/Mining documents/MiningData/YESAB Files/Reference Documents Requested in IR1 Question R1-175/App6E-Aquatic_Baseline_Redacted.pdf,52,False,chart
/content/drive/MyDrive/Mining documents/MiningData/YESAB Files/Reference Documents Requested in IR1 Question R1-175/App6E-Aquatic_Baseline_Redacted.pdf,53,False,chart
/content/drive/MyDrive/Mining documents/MiningData/YESAB Files/Reference Documents Requested in IR1 Question R1-175/App6E-Aquatic_Baseline_Redacted.pdf,54,False,other
/content/drive/MyDrive/Mining documents/MiningData/YESAB Files/Reference Documents Requested in IR1 Question R1-175/App6E-Aquatic_Baseline_Redacted.pdf,55,False,table
/content/drive/MyDrive/Mining documents/MiningData/YESAB Files/Reference Documents Requested in IR1 Question R1-175/App6E-Aquatic_Baseline_Redacted.pdf,56,False,table
/content/drive/MyDrive/Mining documents/MiningData/YESAB Files/Reference Documents Requested in IR1 Question R1-175/App6E-Aquatic_Baseline_Redacted.pdf,57,False,other
/content/drive/MyDrive/Mining documents/MiningData/YESAB Files/Reference Documents Requested in IR1 Question R1-175/App6E-Aquatic_Baseline_Redacted.pdf,58,False,other
/content/drive/MyDrive/Mining documents/MiningData/YESAB Files/Reference Documents Requested in IR1 Question R1-175/App6E-Aquatic_Baseline_Redacted.pdf,59,False,map
/content/drive/MyDrive/Mining documents/MiningData/YESAB Files/Reference Documents Requested in IR1 Question R1-175/App6E-Aquatic_Baseline_Redacted.pdf,60,False,chart
/content/drive/MyDrive/Mining documents/MiningData/YESAB Files/Reference Documents Requested in IR1 Question R1-175/App6E-Aquatic_Baseline_Redacted.pdf,61,False,chart
/content/drive/MyDrive/Mining documents/MiningData/YESAB Files/Reference Documents Requested in IR1 Question R1-175/App6E-Aquatic_Baseline_Redacted.pdf,62,False,table
/content/drive/MyDrive/Mining documents/MiningData/YESAB Files/Reference Documents Requested in IR1 Question R1-175/App6E-Aquatic_Baseline_Redacted.pdf,63,False,other
/content/drive/MyDrive/Mining documents/MiningData/YESAB Files/Reference Documents Requested in IR1 Question R1-175/App6E-Aquatic_Baseline_Redacted.pdf,64,False,table
/content/drive/MyDrive/Mining documents/MiningData/YESAB Files/Reference Documents Requested in IR1 Question R1-175/App6E-Aquatic_Baseline_Redacted.pdf,65,False,other
/content/drive/MyDrive/Mining documents/MiningData/YESAB Files/Reference Documents Requested in IR1 Question R1-175/App6E-Aquatic_Baseline_Redacted.pdf,66,False,map
/content/drive/MyDrive/Mining documents/MiningData/YESAB Files/Reference Documents Requested in IR1 Question R1-175/App6E-Aquatic_Baseline_Redacted.pdf,67,False,chart
/content/drive/MyDrive/Mining documents/MiningData/YESAB Files/Reference Documents Requested in IR1 Question R1-175/App6E-Aquatic_Baseline_Redacted.pdf,68,False,chart
/content/drive/MyDrive/Mining documents/MiningData/YESAB Files/Reference Documents Requested in IR1 Question R1-175/App6E-Aquatic_Baseline_Redacted.pdf,69,False,chart
/content/drive/MyDrive/Mining documents/MiningData/YESAB Files/Reference Documents Requested in IR1 Question R1-175/App6E-Aquatic_Baseline_Redacted.pdf,70,False,other
/content/drive/MyDrive/Mining documents/MiningData/YESAB Files/Reference Documents Requested in IR1 Question R1-175/App6E-Aquatic_Baseline_Redacted.pdf,71,False,other
/content/drive/MyDrive/Mining documents/MiningData/YESAB Files/Reference Documents Requested in IR1 Question R1-175/App6E-Aquatic_Baseline_Redacted.pdf,72,False,table
/content/drive/MyDrive/Mining documents/MiningData/YESAB Files/Reference Documents Requested in IR1 Question R1-175/App6E-Aquatic_Baseline_Redacted.pdf,73,False,map
/content/drive/MyDrive/Mining documents/MiningData/YESAB Files/Reference Documents Requested in IR1 Question R1-175/App6E-Aquatic_Baseline_Redacted.pdf,74,False,map
/content/drive/MyDrive/Mining documents/MiningData/YESAB Files/Reference Documents Requested in IR1 Question R1-175/App6E-Aquatic_Baseline_Redacted.pdf,75,False,other
/content/drive/MyDrive/Mining documents/MiningData/YESAB Files/Reference Documents Requested in IR1 Question R1-175/App6E-Aquatic_Baseline_Redacted.pdf,76,False,other
/content/drive/MyDrive/Mining documents/MiningData/YESAB Files/Reference Documents Requested in IR1 Question R1-175/App6E-Aquatic_Baseline_Redacted.pdf,77,False,table
/content/drive/MyDrive/Mining documents/MiningData/YESAB Files/Reference Documents Requested in IR1 Question R1-175/App6E-Aquatic_Baseline_Redacted.pdf,78,False,chart
/content/drive/MyDrive/Mining documents/MiningData/YESAB Files/Reference Documents Requested in IR1 Question R1-175/App6E-Aquatic_Baseline_Redacted.pdf,79,False,other
/content/drive/MyDrive/Mining documents/MiningData/YESAB Files/Reference Documents Requested in IR1 Question R1-175/App6E-Aquatic_Baseline_Redacted.pdf,80,False,other
/content/drive/MyDrive/Mining documents/MiningData/YESAB Files/Reference Documents Requested in IR1 Question R1-175/App6E-Aquatic_Baseline_Redacted.pdf,81,False,table
/content/drive/MyDrive/Mining documents/MiningData/YESAB Files/Reference Documents Requested in IR1 Question R1-175/App6E-Aquatic_Baseline_Redacted.pdf,82,False,map
/content/drive/MyDrive/Mining documents/MiningData/YESAB Files/Reference Documents Requested in IR1 Question R1-175/App6E-Aquatic_Baseline_Redacted.pdf,83,False,other
/content/drive/MyDrive/Mining documents/MiningData/YESAB Files/Reference Documents Requested in IR1 Question R1-175/App6E-Aquatic_Baseline_Redacted.pdf,84,False,other
/content/drive/MyDrive/Mining documents/MiningData/YESAB Files/Reference Documents Requested in IR1 Question R1-175/App6E-Aquatic_Baseline_Redacted.pdf,85,False,other
/content/drive/MyDrive/Mining documents/MiningData/YESAB Files/Reference Documents Requested in IR1 Question R1-175/App6E-Aquatic_Baseline_Redacted.pdf,86,False,other
/content/drive/MyDrive/Mining documents/MiningData/YESAB Files/Reference Documents Requested in IR1 Question R1-175/App6E-Aquatic_Baseline_Redacted.pdf,87,False,other
/content/drive/MyDrive/Mining documents/MiningData/YESAB Files/Reference Documents Requested in IR1 Question R1-175/App6E-Aquatic_Baseline_Redacted.pdf,88,False,other
/content/drive/MyDrive/Mining documents/MiningData/YESAB Files/Reference Documents Requested in IR1 Question R1-175/App6E-Aquatic_Baseline_Redacted.pdf,89,False,other
/content/drive/MyDrive/Mining documents/MiningData/YESAB Files/Reference Documents Requested in IR1 Question R1-175/App6E-Aquatic_Baseline_Redacted.pdf,90,False,other
/content/drive/MyDrive/Mining documents/MiningData/YESAB Files/Reference Documents Requested in IR1 Question R1-175/App6E-Aquatic_Baseline_Redacted.pdf,91,False,other
/content/drive/MyDrive/Mining documents/MiningData/YESAB Files/Reference Documents Requested in IR1 Question R1-175/App6E-Aquatic_Baseline_Redacted.pdf,92,False,other
/content/drive/MyDrive/Mining documents/MiningData/YESAB Files/Reference Documents Requested in IR1 Question R1-175/App6E-Aquatic_Baseline_Redacted.pdf,93,False,other
/content/drive/MyDrive/Mining documents/MiningData/YESAB Files/Reference Documents Requested in IR1 Question R1-175/App6E-Aquatic_Baseline_Redacted.pdf,94,False,other
/content/drive/MyDrive/Mining documents/MiningData/YESAB Files/Reference Documents Requested in IR1 Question R1-175/App6E-Aquatic_Baseline_Redacted.pdf,95,False,other
/content/drive/MyDrive/Mining documents/MiningData/YESAB Files/Reference Documents Requested in IR1 Question R1-175/App6E-Aquatic_Baseline_Redacted.pdf,96,False,other
/content/drive/MyDrive/Mining documents/MiningData/YESAB Files/Reference Documents Requested in IR1 Question R1-175/App6E-Aquatic_Baseline_Redacted.pdf,97,False,other
/content/drive/MyDrive/Mining documents/MiningData/YESAB Files/Reference Documents Requested in IR1 Question R1-175/App6E-Aquatic_Baseline_Redacted.pdf,98,False,table
/content/drive/MyDrive/Mining documents/MiningData/YESAB Files/Reference Documents Requested in IR1 Question R1-175/App6E-Aquatic_Baseline_Redacted.pdf,99,False,table
/content/drive/MyDrive/Mining documents/MiningData/YESAB Files/Reference Documents Requested in IR1 Question R1-175/App6E-Aquatic_Baseline_Redacted.pdf,100,False,other
/content/drive/MyDrive/Mining documents/MiningData/YESAB Files/Reference Documents Requested in IR1 Question R1-175/App6E-Aquatic_Baseline_Redacted.pdf,101,False,table
/content/drive/MyDrive/Mining documents/MiningData/YESAB Files/Reference Documents Requested in IR1 Question R1-175/App6E-Aquatic_Baseline_Redacted.pdf,102,False,table
/content/drive/MyDrive/Mining documents/MiningData/YESAB Files/Reference Documents Requested in IR1 Question R1-175/App6E-Aquatic_Baseline_Redacted.pdf,103,False,other
/content/drive/MyDrive/Mining documents/MiningData/YESAB Files/Reference Documents Requested in IR1 Question R1-175/App6E-Aquatic_Baseline_Redacted.pdf,104,False,map
/content/drive/MyDrive/Mining documents/MiningData/YESAB Files/Reference Documents Requested in IR1 Question R1-175/App6E-Aquatic_Baseline_Redacted.pdf,105,False,table
/content/drive/MyDrive/Mining documents/MiningData/YESAB Files/Reference Documents Requested in IR1 Question R1-175/App6E-Aquatic_Baseline_Redacted.pdf,106,False,table
/content/drive/MyDrive/Mining documents/MiningData/YESAB Files/Reference Documents Requested in IR1 Question R1-175/App6E-Aquatic_Baseline_Redacted.pdf,107,False,table
/content/drive/MyDrive/Mining documents/MiningData/YESAB Files/Reference Documents Requested in IR1 Question R1-175/App6E-Aquatic_Baseline_Redacted.pdf,108,False,table
/content/drive/MyDrive/Mining documents/MiningData/YESAB Files/Reference Documents Requested in IR1 Question R1-175/App6E-Aquatic_Baseline_Redacted.pdf,109,False,table
/content/drive/MyDrive/Mining documents/MiningData/YESAB Files/Reference Documents Requested in IR1 Question R1-175/App6E-Aquatic_Baseline_Redacted.pdf,110,False,table
/content/drive/MyDrive/Mining documents/MiningData/YESAB Files/Reference Documents Requested in IR1 Question R1-175/App6E-Aquatic_Baseline_Redacted.pdf,111,False,other
/content/drive/MyDrive/Mining documents/MiningData/YESAB Files/Reference Documents Requested in IR1 Question R1-175/App6E-Aquatic_Baseline_Redacted.pdf,112,False,table
/content/drive/MyDrive/Mining documents/MiningData/YESAB Files/Reference Documents Requested in IR1 Question R1-175/App6E-Aquatic_Baseline_Redacted.pdf,113,False,other
/content/drive/MyDrive/Mining documents/MiningData/YESAB Files/Reference Documents Requested in IR1 Question R1-175/App6E-Aquatic_Baseline_Redacted.pdf,114,False,other
/content/drive/MyDrive/Mining documents/MiningData/YESAB Files/Reference Documents Requested in IR1 Question R1-175/App6E-Aquatic_Baseline_Redacted.pdf,115,False,other
/content/drive/MyDrive/Mining documents/MiningData/YESAB Files/Reference Documents Requested in IR1 Question R1-175/App6E-Aquatic_Baseline_Redacted.pdf,116,False,other
/content/drive/MyDrive/Mining documents/MiningData/YESAB Files/Reference Documents Requested in IR1 Question R1-175/App6E-Aquatic_Baseline_Redacted.pdf,117,False,other
/content/drive/MyDrive/Mining documents/MiningData/YESAB Files/Reference Documents Requested in IR1 Question R1-175/App6E-Aquatic_Baseline_Redacted.pdf,118,False,other
/content/drive/MyDrive/Mining documents/MiningData/YESAB Files/Reference Documents Requested in IR1 Question R1-175/App6E-Aquatic_Baseline_Redacted.pdf,119,False,other
/content/drive/MyDrive/Mining documents/MiningData/YESAB Files/Reference Documents Requested in IR1 Question R1-175/App6E-Aquatic_Baseline_Redacted.pdf,120,False,other
/content/drive/MyDrive/Mining documents/MiningData/YESAB Files/Reference Documents Requested in IR1 Question R1-175/App6E-Aquatic_Baseline_Redacted.pdf,121,False,other
/content/drive/MyDrive/Mining documents/MiningData/YESAB Files/Reference Documents Requested in IR1 Question R1-175/App6E-Aquatic_Baseline_Redacted.pdf,122,False,other
/content/drive/MyDrive/Mining documents/MiningData/YESAB Files/Reference Documents Requested in IR1 Question R1-175/App6E-Aquatic_Baseline_Redacted.pdf,123,False,other
/content/drive/MyDrive/Mining documents/MiningData/YESAB Files/Reference Documents Requested in IR1 Question R1-175/App6E-Aquatic_Baseline_Redacted.pdf,124,False,other
/content/drive/MyDrive/Mining documents/MiningData/YESAB Files/Reference Documents Requested in IR1 Question R1-175/App6E-Aquatic_Baseline_Redacted.pdf,125,False,other
/content/drive/MyDrive/Mining documents/MiningData/YESAB Files/Reference Documents Requested in IR1 Question R1-175/App6E-Aquatic_Baseline_Redacted.pdf,126,False,other
/content/drive/MyDrive/Mining documents/MiningData/YESAB Files/Reference Documents Requested in IR1 Question R1-175/App6E-Aquatic_Baseline_Redacted.pdf,127,False,map
/content/drive/MyDrive/Mining documents/MiningData/YESAB Files/Reference Documents Requested in IR1 Question R1-175/App6E-Aquatic_Baseline_Redacted.pdf,128,False,map
/content/drive/MyDrive/Mining documents/MiningData/YESAB Files/Reference Documents Requested in IR1 Question R1-175/App6E-Aquatic_Baseline_Redacted.pdf,129,False,other
/content/drive/MyDrive/Mining documents/MiningData/YESAB Files/Reference Documents Requested in IR1 Question R1-175/App6E-Aquatic_Baseline_Redacted.pdf,130,False,map
/content/drive/MyDrive/Mining documents/MiningData/YESAB Files/Reference Documents Requested in IR1 Question R1-175/App6E-Aquatic_Baseline_Redacted.pdf,131,False,other
/content/drive/MyDrive/Mining documents/MiningData/YESAB Files/Reference Documents Requested in IR1 Question R1-175/App6E-Aquatic_Baseline_Redacted.pdf,132,False,table
/content/drive/MyDrive/Mining documents/MiningData/YESAB Files/Reference Documents Requested in IR1 Question R1-175/App6E-Aquatic_Baseline_Redacted.pdf,133,False,table
/content/drive/MyDrive/Mining documents/MiningData/YESAB Files/Reference Documents Requested in IR1 Question R1-175/App6E-Aquatic_Baseline_Redacted.pdf,134,False,table
/content/drive/MyDrive/Mining documents/MiningData/YESAB Files/Reference Documents Requested in IR1 Question R1-175/App6E-Aquatic_Baseline_Redacted.pdf,135,False,table
/content/drive/MyDrive/Mining documents/MiningData/YESAB Files/Reference Documents Requested in IR1 Question R1-175/App6E-Aquatic_Baseline_Redacted.pdf,136,False,table
/content/drive/MyDrive/Mining documents/MiningData/YESAB Files/Reference Documents Requested in IR1 Question R1-175/App6E-Aquatic_Baseline_Redacted.pdf,137,False,table
/content/drive/MyDrive/Mining documents/MiningData/YESAB Files/Reference Documents Requested in IR1 Question R1-175/App6E-Aquatic_Baseline_Redacted.pdf,138,False,table
/content/drive/MyDrive/Mining documents/MiningData/YESAB Files/Reference Documents Requested in IR1 Question R1-175/App6E-Aquatic_Baseline_Redacted.pdf,139,False,table
/content/drive/MyDrive/Mining documents/MiningData/YESAB Files/Reference Documents Requested in IR1 Question R1-175/App6E-Aquatic_Baseline_Redacted.pdf,140,False,table
/content/drive/MyDrive/Mining documents/MiningData/YESAB Files/Reference Documents Requested in IR1 Question R1-175/App6E-Aquatic_Baseline_Redacted.pdf,141,False,table
/content/drive/MyDrive/Mining documents/MiningData/YESAB Files/Reference Documents Requested in IR1 Question R1-175/App6E-Aquatic_Baseline_Redacted.pdf,142,False,table
/content/drive/MyDrive/Mining documents/MiningData/YESAB Files/Reference Documents Requested in IR1 Question R1-175/App6E-Aquatic_Baseline_Redacted.pdf,143,False,table
/content/drive/MyDrive/Mining documents/MiningData/YESAB Files/Reference Documents Requested in IR1 Question R1-175/App6E-Aquatic_Baseline_Redacted.pdf,144,False,table
/content/drive/MyDrive/Mining documents/MiningData/YESAB Files/Reference Documents Requested in IR1 Question R1-175/App6E-Aquatic_Baseline_Redacted.pdf,145,False,table
/content/drive/MyDrive/Mining documents/MiningData/YESAB Files/Reference Documents Requested in IR1 Question R1-175/App6E-Aquatic_Baseline_Redacted.pdf,146,False,table
/content/drive/MyDrive/Mining documents/MiningData/YESAB Files/Reference Documents Requested in IR1 Question R1-175/App6E-Aquatic_Baseline_Redacted.pdf,147,False,table
/content/drive/MyDrive/Mining documents/MiningData/YESAB Files/Reference Documents Requested in IR1 Question R1-175/App6E-Aquatic_Baseline_Redacted.pdf,148,False,table
/content/drive/MyDrive/Mining documents/MiningData/YESAB Files/Reference Documents Requested in IR1 Question R1-175/App6E-Aquatic_Baseline_Redacted.pdf,149,False,table
/content/drive/MyDrive/Mining documents/MiningData/YESAB Files/Reference Documents Requested in IR1 Question R1-175/App6E-Aquatic_Baseline_Redacted.pdf,150,False,table
/content/drive/MyDrive/Mining documents/MiningData/YESAB Files/Reference Documents Requested in IR1 Question R1-175/App6E-Aquatic_Baseline_Redacted.pdf,151,False,table
/content/drive/MyDrive/Mining documents/MiningData/YESAB Files/Reference Documents Requested in IR1 Question R1-175/App6E-Aquatic_Baseline_Redacted.pdf,152,False,table
/content/drive/MyDrive/Mining documents/MiningData/YESAB Files/Reference Documents Requested in IR1 Question R1-175/App6E-Aquatic_Baseline_Redacted.pdf,153,False,table
/content/drive/MyDrive/Mining documents/MiningData/YESAB Files/Reference Documents Requested in IR1 Question R1-175/App6E-Aquatic_Baseline_Redacted.pdf,154,False,table
/content/drive/MyDrive/Mining documents/MiningData/YESAB Files/Reference Documents Requested in IR1 Question R1-175/App6E-Aquatic_Baseline_Redacted.pdf,155,False,table
/content/drive/MyDrive/Mining documents/MiningData/YESAB Files/Reference Documents Requested in IR1 Question R1-175/App6E-Aquatic_Baseline_Redacted.pdf,156,False,table
/content/drive/MyDrive/Mining documents/MiningData/YESAB Files/Reference Documents Requested in IR1 Question R1-175/App6E-Aquatic_Baseline_Redacted.pdf,157,False,table
/content/drive/MyDrive/Mining documents/MiningData/YESAB Files/Reference Documents Requested in IR1 Question R1-175/App6E-Aquatic_Baseline_Redacted.pdf,158,False,table
/content/drive/MyDrive/Mining documents/MiningData/YESAB Files/Reference Documents Requested in IR1 Question R1-175/App6E-Aquatic_Baseline_Redacted.pdf,159,False,table
/content/drive/MyDrive/Mining documents/MiningData/YESAB Files/Reference Documents Requested in IR1 Question R1-175/App6E-Aquatic_Baseline_Redacted.pdf,160,False,table
/content/drive/MyDrive/Mining documents/MiningData/YESAB Files/Reference Documents Requested in IR1 Question R1-175/App6E-Aquatic_Baseline_Redacted.pdf,161,False,table
/content/drive/MyDrive/Mining documents/MiningData/YESAB Files/Reference Documents Requested in IR1 Question R1-175/App6E-Aquatic_Baseline_Redacted.pdf,162,False,table
/content/drive/MyDrive/Mining documents/MiningData/YESAB Files/Reference Documents Requested in IR1 Question R1-175/App6E-Aquatic_Baseline_Redacted.pdf,163,False,table
/content/drive/MyDrive/Mining documents/MiningData/YESAB Files/Reference Documents Requested in IR1 Question R1-175/App6E-Aquatic_Baseline_Redacted.pdf,164,False,table
/content/drive/MyDrive/Mining documents/MiningData/YESAB Files/Reference Documents Requested in IR1 Question R1-175/App6E-Aquatic_Baseline_Redacted.pdf,165,False,table
/content/drive/MyDrive/Mining documents/MiningData/YESAB Files/Reference Documents Requested in IR1 Question R1-175/App6E-Aquatic_Baseline_Redacted.pdf,166,False,table
/content/drive/MyDrive/Mining documents/MiningData/YESAB Files/Reference Documents Requested in IR1 Question R1-175/App6E-Aquatic_Baseline_Redacted.pdf,167,False,table
/content/drive/MyDrive/Mining documents/MiningData/YESAB Files/Reference Documents Requested in IR1 Question R1-175/App6E-Aquatic_Baseline_Redacted.pdf,168,False,table
/content/drive/MyDrive/Mining documents/MiningData/YESAB Files/Reference Documents Requested in IR1 Question R1-175/App6E-Aquatic_Baseline_Redacted.pdf,169,False,table
/content/drive/MyDrive/Mining documents/MiningData/YESAB Files/Reference Documents Requested in IR1 Question R1-175/App6E-Aquatic_Baseline_Redacted.pdf,170,False,other
/content/drive/MyDrive/Mining documents/MiningData/YESAB Files/Reference Documents Requested in IR1 Question R1-175/App6E-Aquatic_Baseline_Redacted.pdf,171,False,table
/content/drive/MyDrive/Mining documents/MiningData/YESAB Files/Reference Documents Requested in IR1 Question R1-175/App6E-Aquatic_Baseline_Redacted.pdf,172,False,table
/content/drive/MyDrive/Mining documents/MiningData/YESAB Files/Reference Documents Requested in IR1 Question R1-175/App6E-Aquatic_Baseline_Redacted.pdf,173,False,table
/content/drive/MyDrive/Mining documents/MiningData/YESAB Files/Reference Documents Requested in IR1 Question R1-175/App6E-Aquatic_Baseline_Redacted.pdf,174,False,table
/content/drive/MyDrive/Mining documents/MiningData/YESAB Files/Reference Documents Requested in IR1 Question R1-175/App6E-Aquatic_Baseline_Redacted.pdf,175,False,table
/content/drive/MyDrive/Mining documents/MiningData/YESAB Files/Reference Documents Requested in IR1 Question R1-175/App6E-Aquatic_Baseline_Redacted.pdf,176,False,table
/content/drive/MyDrive/Mining documents/MiningData/YESAB Files/Reference Documents Requested in IR1 Question R1-175/App6E-Aquatic_Baseline_Redacted.pdf,177,False,table
/content/drive/MyDrive/Mining documents/MiningData/YESAB Files/Reference Documents Requested in IR1 Question R1-175/App6E-Aquatic_Baseline_Redacted.pdf,178,False,table
/content/drive/MyDrive/Mining documents/MiningData/YESAB Files/Reference Documents Requested in IR1 Question R1-175/App6E-Aquatic_Baseline_Redacted.pdf,179,False,table
/content/drive/MyDrive/Mining documents/MiningData/YESAB Files/Reference Documents Requested in IR1 Question R1-175/App6E-Aquatic_Baseline_Redacted.pdf,180,False,table
/content/drive/MyDrive/Mining documents/MiningData/YESAB Files/Reference Documents Requested in IR1 Question R1-175/App6E-Aquatic_Baseline_Redacted.pdf,181,False,table
/content/drive/MyDrive/Mining documents/MiningData/YESAB Files/Reference Documents Requested in IR1 Question R1-175/App6E-Aquatic_Baseline_Redacted.pdf,182,False,table
/content/drive/MyDrive/Mining documents/MiningData/YESAB Files/Reference Documents Requested in IR1 Question R1-175/App6E-Aquatic_Baseline_Redacted.pdf,183,False,table
/content/drive/MyDrive/Mining documents/MiningData/YESAB Files/Reference Documents Requested in IR1 Question R1-175/App6E-Aquatic_Baseline_Redacted.pdf,184,False,table
/content/drive/MyDrive/Mining documents/MiningData/YESAB Files/Reference Documents Requested in IR1 Question R1-175/App6E-Aquatic_Baseline_Redacted.pdf,185,False,table
/content/drive/MyDrive/Mining documents/MiningData/YESAB Files/Reference Documents Requested in IR1 Question R1-175/App6E-Aquatic_Baseline_Redacted.pdf,186,False,table
/content/drive/MyDrive/Mining documents/MiningData/YESAB Files/Reference Documents Requested in IR1 Question R1-175/App6E-Aquatic_Baseline_Redacted.pdf,187,False,table
/content/drive/MyDrive/Mining documents/MiningData/YESAB Files/Reference Documents Requested in IR1 Question R1-175/App6E-Aquatic_Baseline_Redacted.pdf,188,False,table
/content/drive/MyDrive/Mining documents/MiningData/YESAB Files/Reference Documents Requested in IR1 Question R1-175/App6E-Aquatic_Baseline_Redacted.pdf,189,False,table
/content/drive/MyDrive/Mining documents/MiningData/YESAB Files/Reference Documents Requested in IR1 Question R1-175/App6E-Aquatic_Baseline_Redacted.pdf,190,False,table
/content/drive/MyDrive/Mining documents/MiningData/YESAB Files/Reference Documents Requested in IR1 Question R1-175/App6E-Aquatic_Baseline_Redacted.pdf,191,False,table
/content/drive/MyDrive/Mining documents/MiningData/YESAB Files/Reference Documents Requested in IR1 Question R1-175/App6E-Aquatic_Baseline_Redacted.pdf,192,False,table
/content/drive/MyDrive/Mining documents/MiningData/YESAB Files/Reference Documents Requested in IR1 Question R1-175/App6E-Aquatic_Baseline_Redacted.pdf,193,False,table
/content/drive/MyDrive/Mining documents/MiningData/YESAB Files/Reference Documents Requested in IR1 Question R1-175/App6E-Aquatic_Baseline_Redacted.pdf,194,False,table
/content/drive/MyDrive/Mining documents/MiningData/YESAB Files/Reference Documents Requested in IR1 Question R1-175/App6E-Aquatic_Baseline_Redacted.pdf,195,False,table
/content/drive/MyDrive/Mining documents/MiningData/YESAB Files/Reference Documents Requested in IR1 Question R1-175/App6E-Aquatic_Baseline_Redacted.pdf,196,False,table
/content/drive/MyDrive/Mining documents/MiningData/YESAB Files/Reference Documents Requested in IR1 Question R1-175/App6E-Aquatic_Baseline_Redacted.pdf,197,False,table
/content/drive/MyDrive/Mining documents/MiningData/YESAB Files/Reference Documents Requested in IR1 Question R1-175/App6E-Aquatic_Baseline_Redacted.pdf,198,False,table
/content/drive/MyDrive/Mining documents/MiningData/YESAB Files/Reference Documents Requested in IR1 Question R1-175/App6E-Aquatic_Baseline_Redacted.pdf,199,False,table
/content/drive/MyDrive/Mining documents/MiningData/YESAB Files/Reference Documents Requested in IR1 Question R1-175/App6E-Aquatic_Baseline_Redacted.pdf,200,False,table
/content/drive/MyDrive/Mining documents/MiningData/YESAB Files/Reference Documents Requested in IR1 Question R1-175/App6E-Aquatic_Baseline_Redacted.pdf,201,False,table
/content/drive/MyDrive/Mining documents/MiningData/YESAB Files/Reference Documents Requested in IR1 Question R1-175/App6E-Aquatic_Baseline_Redacted.pdf,202,False,table
/content/drive/MyDrive/Mining documents/MiningData/YESAB Files/Reference Documents Requested in IR1 Question R1-175/App6E-Aquatic_Baseline_Redacted.pdf,203,False,table
/content/drive/MyDrive/Mining documents/MiningData/YESAB Files/Reference Documents Requested in IR1 Question R1-175/App6E-Aquatic_Baseline_Redacted.pdf,204,False,table
/content/drive/MyDrive/Mining documents/MiningData/YESAB Files/Reference Documents Requested in IR1 Question R1-175/App6E-Aquatic_Baseline_Redacted.pdf,205,False,table
/content/drive/MyDrive/Mining documents/MiningData/YESAB Files/Reference Documents Requested in IR1 Question R1-175/App6E-Aquatic_Baseline_Redacted.pdf,206,False,table
/content/drive/MyDrive/Mining documents/MiningData/YESAB Files/Reference Documents Requested in IR1 Question R1-175/App6E-Aquatic_Baseline_Redacted.pdf,207,False,table
/content/drive/MyDrive/Mining documents/MiningData/YESAB Files/Reference Documents Requested in IR1 Question R1-175/App6E-Aquatic_Baseline_Redacted.pdf,208,False,table
/content/drive/MyDrive/Mining documents/MiningData/YESAB Files/Reference Documents Requested in IR1 Question R1-175/App6E-Aquatic_Baseline_Redacted.pdf,209,False,table
/content/drive/MyDrive/Mining documents/MiningData/YESAB Files/Reference Documents Requested in IR1 Question R1-175/App6E-Aquatic_Baseline_Redacted.pdf,210,False,table
/content/drive/MyDrive/Mining documents/MiningData/YESAB Files/Reference Documents Requested in IR1 Question R1-175/App6E-Aquatic_Baseline_Redacted.pdf,211,False,table
/content/drive/MyDrive/Mining documents/MiningData/YESAB Files/Reference Documents Requested in IR1 Question R1-175/App6E-Aquatic_Baseline_Redacted.pdf,212,False,table
/content/drive/MyDrive/Mining documents/MiningData/YESAB Files/Reference Documents Requested in IR1 Question R1-175/App6E-Aquatic_Baseline_Redacted.pdf,213,False,table
/content/drive/MyDrive/Mining documents/MiningData/YESAB Files/Reference Documents Requested in IR1 Question R1-175/App6E-Aquatic_Baseline_Redacted.pdf,214,False,table
/content/drive/MyDrive/Mining documents/MiningData/YESAB Files/Reference Documents Requested in IR1 Question R1-175/App6E-Aquatic_Baseline_Redacted.pdf,215,False,table
/content/drive/MyDrive/Mining documents/MiningData/YESAB Files/Reference Documents Requested in IR1 Question R1-175/App6E-Aquatic_Baseline_Redacted.pdf,216,False,table
/content/drive/MyDrive/Mining documents/MiningData/YESAB Files/Reference Documents Requested in IR1 Question R1-175/App6E-Aquatic_Baseline_Redacted.pdf,217,False,table
/content/drive/MyDrive/Mining documents/MiningData/YESAB Files/Reference Documents Requested in IR1 Question R1-175/App6E-Aquatic_Baseline_Redacted.pdf,218,False,table
/content/drive/MyDrive/Mining documents/MiningData/YESAB Files/Reference Documents Requested in IR1 Question R1-175/App6E-Aquatic_Baseline_Redacted.pdf,219,False,table
/content/drive/MyDrive/Mining documents/MiningData/YESAB Files/Reference Documents Requested in IR1 Question R1-175/App6E-Aquatic_Baseline_Redacted.pdf,220,False,table
/content/drive/MyDrive/Mining documents/MiningData/YESAB Files/Reference Documents Requested in IR1 Question R1-175/App6E-Aquatic_Baseline_Redacted.pdf,221,False,table
/content/drive/MyDrive/Mining documents/MiningData/YESAB Files/Reference Documents Requested in IR1 Question R1-175/App6E-Aquatic_Baseline_Redacted.pdf,222,False,table
/content/drive/MyDrive/Mining documents/MiningData/YESAB Files/Reference Documents Requested in IR1 Question R1-175/App6E-Aquatic_Baseline_Redacted.pdf,223,False,table
/content/drive/MyDrive/Mining documents/MiningData/YESAB Files/Reference Documents Requested in IR1 Question R1-175/App6E-Aquatic_Baseline_Redacted.pdf,224,False,table
/content/drive/MyDrive/Mining documents/MiningData/YESAB Files/Reference Documents Requested in IR1 Question R1-175/App6E-Aquatic_Baseline_Redacted.pdf,225,False,table
/content/drive/MyDrive/Mining documents/MiningData/YESAB Files/Reference Documents Requested in IR1 Question R1-175/App6E-Aquatic_Baseline_Redacted.pdf,226,False,table
/content/drive/MyDrive/Mining documents/MiningData/YESAB Files/Reference Documents Requested in IR1 Question R1-175/App6E-Aquatic_Baseline_Redacted.pdf,227,False,table
/content/drive/MyDrive/Mining documents/MiningData/YESAB Files/Reference Documents Requested in IR1 Question R1-175/App6E-Aquatic_Baseline_Redacted.pdf,228,False,table
/content/drive/MyDrive/Mining documents/MiningData/YESAB Files/Reference Documents Requested in IR1 Question R1-175/App6E-Aquatic_Baseline_Redacted.pdf,229,False,table
/content/drive/MyDrive/Mining documents/MiningData/YESAB Files/Reference Documents Requested in IR1 Question R1-175/App6E-Aquatic_Baseline_Redacted.pdf,230,False,table
/content/drive/MyDrive/Mining documents/MiningData/YESAB Files/Reference Documents Requested in IR1 Question R1-175/App6E-Aquatic_Baseline_Redacted.pdf,231,False,table
/content/drive/MyDrive/Mining documents/MiningData/YESAB Files/Reference Documents Requested in IR1 Question R1-175/App6E-Aquatic_Baseline_Redacted.pdf,232,False,table
/content/drive/MyDrive/Mining documents/MiningData/YESAB Files/Reference Documents Requested in IR1 Question R1-175/App6E-Aquatic_Baseline_Redacted.pdf,233,False,table
/content/drive/MyDrive/Mining documents/MiningData/YESAB Files/Reference Documents Requested in IR1 Question R1-175/App6E-Aquatic_Baseline_Redacted.pdf,234,False,table
/content/drive/MyDrive/Mining documents/MiningData/YESAB Files/Reference Documents Requested in IR1 Question R1-175/App6E-Aquatic_Baseline_Redacted.pdf,235,False,table
/content/drive/MyDrive/Mining documents/MiningData/YESAB Files/Reference Documents Requested in IR1 Question R1-175/App6E-Aquatic_Baseline_Redacted.pdf,236,False,table
/content/drive/MyDrive/Mining documents/MiningData/YESAB Files/Reference Documents Requested in IR1 Question R1-175/App6E-Aquatic_Baseline_Redacted.pdf,237,False,table
/content/drive/MyDrive/Mining documents/MiningData/YESAB Files/Reference Documents Requested in IR1 Question R1-175/App6E-Aquatic_Baseline_Redacted.pdf,238,False,table
/content/drive/MyDrive/Mining documents/MiningData/YESAB Files/Reference Documents Requested in IR1 Question R1-175/App6E-Aquatic_Baseline_Redacted.pdf,239,False,table
/content/drive/MyDrive/Mining documents/MiningData/YESAB Files/Reference Documents Requested in IR1 Question R1-175/App6E-Aquatic_Baseline_Redacted.pdf,240,False,table
/content/drive/MyDrive/Mining documents/MiningData/YESAB Files/Reference Documents Requested in IR1 Question R1-175/App6E-Aquatic_Baseline_Redacted.pdf,241,False,table
/content/drive/MyDrive/Mining documents/MiningData/YESAB Files/Reference Documents Requested in IR1 Question R1-175/App6E-Aquatic_Baseline_Redacted.pdf,242,False,table
/content/drive/MyDrive/Mining documents/MiningData/YESAB Files/Reference Documents Requested in IR1 Question R1-175/App6E-Aquatic_Baseline_Redacted.pdf,243,False,table
/content/drive/MyDrive/Mining documents/MiningData/YESAB Files/Reference Documents Requested in IR1 Question R1-175/App6E-Aquatic_Baseline_Redacted.pdf,244,False,table
/content/drive/MyDrive/Mining documents/MiningData/YESAB Files/Reference Documents Requested in IR1 Question R1-175/App6E-Aquatic_Baseline_Redacted.pdf,245,False,table
/content/drive/MyDrive/Mining documents/MiningData/YESAB Files/Reference Documents Requested in IR1 Question R1-175/App6E-Aquatic_Baseline_Redacted.pdf,246,False,table
/content/drive/MyDrive/Mining documents/MiningData/YESAB Files/Reference Documents Requested in IR1 Question R1-175/App6E-Aquatic_Baseline_Redacted.pdf,247,False,table
/content/drive/MyDrive/Mining documents/MiningData/YESAB Files/Reference Documents Requested in IR1 Question R1-175/App6E-Aquatic_Baseline_Redacted.pdf,248,False,table
/content/drive/MyDrive/Mining documents/MiningData/YESAB Files/Reference Documents Requested in IR1 Question R1-175/App6E-Aquatic_Baseline_Redacted.pdf,249,False,table
/content/drive/MyDrive/Mining documents/MiningData/YESAB Files/Reference Documents Requested in IR1 Question R1-175/App6E-Aquatic_Baseline_Redacted.pdf,250,False,table
/content/drive/MyDrive/Mining documents/MiningData/YESAB Files/Reference Documents Requested in IR1 Question R1-175/App6E-Aquatic_Baseline_Redacted.pdf,251,False,table
/content/drive/MyDrive/Mining documents/MiningData/YESAB Files/Reference Documents Requested in IR1 Question R1-175/App6E-Aquatic_Baseline_Redacted.pdf,252,False,table
/content/drive/MyDrive/Mining documents/MiningData/YESAB Files/Reference Documents Requested in IR1 Question R1-175/App6E-Aquatic_Baseline_Redacted.pdf,253,False,table
/content/drive/MyDrive/Mining documents/MiningData/YESAB Files/Reference Documents Requested in IR1 Question R1-175/App6E-Aquatic_Baseline_Redacted.pdf,254,False,table
/content/drive/MyDrive/Mining documents/MiningData/YESAB Files/Reference Documents Requested in IR1 Question R1-175/App6E-Aquatic_Baseline_Redacted.pdf,255,False,table
/content/drive/MyDrive/Mining documents/MiningData/YESAB Files/Reference Documents Requested in IR1 Question R1-175/App6E-Aquatic_Baseline_Redacted.pdf,256,False,table
/content/drive/MyDrive/Mining documents/MiningData/YESAB Files/Reference Documents Requested in IR1 Question R1-175/App6E-Aquatic_Baseline_Redacted.pdf,257,False,table
/content/drive/MyDrive/Mining documents/MiningData/YESAB Files/Reference Documents Requested in IR1 Question R1-175/App6E-Aquatic_Baseline_Redacted.pdf,258,False,table
/content/drive/MyDrive/Mining documents/MiningData/YESAB Files/Reference Documents Requested in IR1 Question R1-175/App6E-Aquatic_Baseline_Redacted.pdf,259,False,table
/content/drive/MyDrive/Mining documents/MiningData/YESAB Files/Reference Documents Requested in IR1 Question R1-175/App6E-Aquatic_Baseline_Redacted.pdf,260,False,table
/content/drive/MyDrive/Mining documents/MiningData/YESAB Files/Reference Documents Requested in IR1 Question R1-175/App6E-Aquatic_Baseline_Redacted.pdf,261,False,table
/content/drive/MyDrive/Mining documents/MiningData/YESAB Files/Reference Documents Requested in IR1 Question R1-175/App6E-Aquatic_Baseline_Redacted.pdf,262,False,table
/content/drive/MyDrive/Mining documents/MiningData/YESAB Files/Reference Documents Requested in IR1 Question R1-175/App6E-Aquatic_Baseline_Redacted.pdf,263,False,table
/content/drive/MyDrive/Mining documents/MiningData/YESAB Files/Reference Documents Requested in IR1 Question R1-175/App6E-Aquatic_Baseline_Redacted.pdf,264,False,table
/content/drive/MyDrive/Mining documents/MiningData/YESAB Files/Reference Documents Requested in IR1 Question R1-175/App6E-Aquatic_Baseline_Redacted.pdf,265,False,table
/content/drive/MyDrive/Mining documents/MiningData/YESAB Files/Reference Documents Requested in IR1 Question R1-175/App6E-Aquatic_Baseline_Redacted.pdf,266,False,table
/content/drive/MyDrive/Mining documents/MiningData/YESAB Files/Reference Documents Requested in IR1 Question R1-175/App6E-Aquatic_Baseline_Redacted.pdf,267,False,table
/content/drive/MyDrive/Mining documents/MiningData/YESAB Files/Reference Documents Requested in IR1 Question R1-175/App6E-Aquatic_Baseline_Redacted.pdf,268,False,table
/content/drive/MyDrive/Mining documents/MiningData/YESAB Files/Reference Documents Requested in IR1 Question R1-175/App6E-Aquatic_Baseline_Redacted.pdf,269,False,table
/content/drive/MyDrive/Mining documents/MiningData/YESAB Files/Reference Documents Requested in IR1 Question R1-175/App6E-Aquatic_Baseline_Redacted.pdf,270,False,table
/content/drive/MyDrive/Mining documents/MiningData/YESAB Files/Reference Documents Requested in IR1 Question R1-175/App6E-Aquatic_Baseline_Redacted.pdf,271,False,table
/content/drive/MyDrive/Mining documents/MiningData/YESAB Files/Reference Documents Requested in IR1 Question R1-175/App6E-Aquatic_Baseline_Redacted.pdf,272,False,table
/content/drive/MyDrive/Mining documents/MiningData/YESAB Files/Reference Documents Requested in IR1 Question R1-175/App6E-Aquatic_Baseline_Redacted.pdf,273,False,table
/content/drive/MyDrive/Mining documents/MiningData/YESAB Files/Reference Documents Requested in IR1 Question R1-175/App6E-Aquatic_Baseline_Redacted.pdf,274,False,table
/content/drive/MyDrive/Mining documents/MiningData/YESAB Files/Reference Documents Requested in IR1 Question R1-175/App6E-Aquatic_Baseline_Redacted.pdf,275,False,table
/content/drive/MyDrive/Mining documents/MiningData/YESAB Files/Reference Documents Requested in IR1 Question R1-175/App6E-Aquatic_Baseline_Redacted.pdf,276,False,table
/content/drive/MyDrive/Mining documents/MiningData/YESAB Files/Reference Documents Requested in IR1 Question R1-175/App6E-Aquatic_Baseline_Redacted.pdf,277,False,table
/content/drive/MyDrive/Mining documents/MiningData/YESAB Files/Reference Documents Requested in IR1 Question R1-175/App6E-Aquatic_Baseline_Redacted.pdf,278,False,table
/content/drive/MyDrive/Mining documents/MiningData/YESAB Files/Reference Documents Requested in IR1 Question R1-175/App6E-Aquatic_Baseline_Redacted.pdf,279,False,table
/content/drive/MyDrive/Mining documents/MiningData/YESAB Files/Reference Documents Requested in IR1 Question R1-175/App6E-Aquatic_Baseline_Redacted.pdf,280,False,chart
/content/drive/MyDrive/Mining documents/MiningData/YESAB Files/Reference Documents Requested in IR1 Question R1-175/App6E-Aquatic_Baseline_Redacted.pdf,281,False,other
/content/drive/MyDrive/Mining documents/MiningData/YESAB Files/Reference Documents Requested in IR1 Question R1-175/App6E-Aquatic_Baseline_Redacted.pdf,282,False,table
/content/drive/MyDrive/Mining documents/MiningData/YESAB Files/Reference Documents Requested in IR1 Question R1-175/App6E-Aquatic_Baseline_Redacted.pdf,283,False,table
/content/drive/MyDrive/Mining documents/MiningData/YESAB Files/Reference Documents Requested in IR1 Question R1-175/App6E-Aquatic_Baseline_Redacted.pdf,284,False,table
/content/drive/MyDrive/Mining documents/MiningData/YESAB Files/Reference Documents Requested in IR1 Question R1-175/App6E-Aquatic_Baseline_Redacted.pdf,285,False,table
/content/drive/MyDrive/Mining documents/MiningData/YESAB Files/Reference Documents Requested in IR1 Question R1-175/App6E-Aquatic_Baseline_Redacted.pdf,286,False,table
/content/drive/MyDrive/Mining documents/MiningData/YESAB Files/Reference Documents Requested in IR1 Question R1-175/App6E-Aquatic_Baseline_Redacted.pdf,287,False,other
/content/drive/MyDrive/Mining documents/MiningData/YESAB Files/Reference Documents Requested in IR1 Question R1-175/App6E-Aquatic_Baseline_Redacted.pdf,288,False,table
/content/drive/MyDrive/Mining documents/MiningData/YESAB Files/Reference Documents Requested in IR1 Question R1-175/App6E-Aquatic_Baseline_Redacted.pdf,289,False,table
/content/drive/MyDrive/Mining documents/MiningData/YESAB Files/Reference Documents Requested in IR1 Question R1-175/App6E-Aquatic_Baseline_Redacted.pdf,290,False,table
/content/drive/MyDrive/Mining documents/MiningData/YESAB Files/Reference Documents Requested in IR1 Question R1-175/App6E-Aquatic_Baseline_Redacted.pdf,291,False,table
/content/drive/MyDrive/Mining documents/MiningData/YESAB Files/Reference Documents Requested in IR1 Question R1-175/App6E-Aquatic_Baseline_Redacted.pdf,292,False,table
/content/drive/MyDrive/Mining documents/MiningData/YESAB Files/Reference Documents Requested in IR1 Question R1-175/App6E-Aquatic_Baseline_Redacted.pdf,293,False,other
/content/drive/MyDrive/Mining documents/MiningData/YESAB Files/Reference Documents Requested in IR1 Question R1-175/App6E-Aquatic_Baseline_Redacted.pdf,294,False,table
/content/drive/MyDrive/Mining documents/MiningData/YESAB Files/Reference Documents Requested in IR1 Question R1-175/App6E-Aquatic_Baseline_Redacted.pdf,295,False,table
/content/drive/MyDrive/Mining documents/MiningData/YESAB Files/Reference Documents Requested in IR1 Question R1-175/App6E-Aquatic_Baseline_Redacted.pdf,296,False,table
/content/drive/MyDrive/Mining documents/MiningData/YESAB Files/Reference Documents Requested in IR1 Question R1-175/App6E-Aquatic_Baseline_Redacted.pdf,297,False,table
/content/drive/MyDrive/Mining documents/MiningData/YESAB Files/Reference Documents Requested in IR1 Question R1-175/App6E-Aquatic_Baseline_Redacted.pdf,298,False,table
/content/drive/MyDrive/Mining documents/MiningData/YESAB Files/Reference Documents Requested in IR1 Question R1-175/App6E-Aquatic_Baseline_Redacted.pdf,299,False,table
/content/drive/MyDrive/Mining documents/MiningData/YESAB Files/Reference Documents Requested in IR1 Question R1-175/App6E-Aquatic_Baseline_Redacted.pdf,300,False,table
/content/drive/MyDrive/Mining documents/MiningData/YESAB Files/Reference Documents Requested in IR1 Question R1-175/App6E-Aquatic_Baseline_Redacted.pdf,301,False,table
/content/drive/MyDrive/Mining documents/MiningData/YESAB Files/Reference Documents Requested in IR1 Question R1-175/App6E-Aquatic_Baseline_Redacted.pdf,302,False,table
/content/drive/MyDrive/Mining documents/MiningData/YESAB Files/Reference Documents Requested in IR1 Question R1-175/App6E-Aquatic_Baseline_Redacted.pdf,303,False,table
/content/drive/MyDrive/Mining documents/MiningData/YESAB Files/Reference Documents Requested in IR1 Question R1-175/App6E-Aquatic_Baseline_Redacted.pdf,304,False,table
/content/drive/MyDrive/Mining documents/MiningData/YESAB Files/Reference Documents Requested in IR1 Question R1-175/App6E-Aquatic_Baseline_Redacted.pdf,305,False,other
/content/drive/MyDrive/Mining documents/MiningData/YESAB Files/Reference Documents Requested in IR1 Question R1-175/App6E-Aquatic_Baseline_Redacted.pdf,306,False,table
/content/drive/MyDrive/Mining documents/MiningData/YESAB Files/Reference Documents Requested in IR1 Question R1-175/App6E-Aquatic_Baseline_Redacted.pdf,307,False,table
/content/drive/MyDrive/Mining documents/MiningData/YESAB Files/Reference Documents Requested in IR1 Question R1-175/App6E-Aquatic_Baseline_Redacted.pdf,308,False,table
/content/drive/MyDrive/Mining documents/MiningData/YESAB Files/Reference Documents Requested in IR1 Question R1-175/App6E-Aquatic_Baseline_Redacted.pdf,309,False,table
/content/drive/MyDrive/Mining documents/MiningData/YESAB Files/Reference Documents Requested in IR1 Question R1-175/App6E-Aquatic_Baseline_Redacted.pdf,310,False,map
/content/drive/MyDrive/Mining documents/MiningData/YESAB Files/Reference Documents Requested in IR1 Question R1-175/App6E-Aquatic_Baseline_Redacted.pdf,310,False,table
/content/drive/MyDrive/Mining documents/MiningData/YESAB Files/Reference Documents Requested in IR1 Question R1-175/App6E-Aquatic_Baseline_Redacted.pdf,311,False,map
/content/drive/MyDrive/Mining documents/MiningData/YESAB Files/Reference Documents Requested in IR1 Question R1-175/App6E-Aquatic_Baseline_Redacted.pdf,311,False,table
/content/drive/MyDrive/Mining documents/MiningData/YESAB Files/Reference Documents Requested in IR1 Question R1-175/App6E-Aquatic_Baseline_Redacted.pdf,312,False,map
/content/drive/MyDrive/Mining documents/MiningData/YESAB Files/Reference Documents Requested in IR1 Question R1-175/App6E-Aquatic_Baseline_Redacted.pdf,312,False,table
/content/drive/MyDrive/Mining documents/MiningData/YESAB Files/Reference Documents Requested in IR1 Question R1-175/App6E-Aquatic_Baseline_Redacted.pdf,313,False,map
/content/drive/MyDrive/Mining documents/MiningData/YESAB Files/Reference Documents Requested in IR1 Question R1-175/TM_FieldSummary_106-2_Draft_2015Mar13_Redacted.pdf,1,False,other
/content/drive/MyDrive/Mining documents/MiningData/YESAB Files/Reference Documents Requested in IR1 Question R1-175/TM_FieldSummary_106-2_Draft_2015Mar13_Redacted.pdf,2,False,other
/content/drive/MyDrive/Mining documents/MiningData/YESAB Files/Reference Documents Requested in IR1 Question R1-175/TM_FieldSummary_106-2_Draft_2015Mar13_Redacted.pdf,3,False,other
/content/drive/MyDrive/Mining documents/MiningData/YESAB Files/Reference Documents Requested in IR1 Question R1-175/TM_FieldSummary_106-2_Draft_2015Mar13_Redacted.pdf,4,False,other
/content/drive/MyDrive/Mining documents/MiningData/YESAB Files/Reference Documents Requested in IR1 Question R1-175/TM_FieldSummary_106-2_Draft_2015Mar13_Redacted.pdf,5,False,other
/content/drive/MyDrive/Mining documents/MiningData/YESAB Files/Reference Documents Requested in IR1 Question R1-175/TM_FieldSummary_106-2_Draft_2015Mar13_Redacted.pdf,6,True,other
/content/drive/MyDrive/Mining documents/MiningData/YESAB Files/Reference Documents Requested in IR1 Question R1-175/TM_FieldSummary_106-2_Draft_2015Mar13_Redacted.pdf,7,True,map
/content/drive/MyDrive/Mining documents/MiningData/YESAB Files/Reference Documents Requested in IR1 Question R1-175/TM_FieldSummary_106-2_Draft_2015Mar13_Redacted.pdf,8,True,other
/content/drive/MyDrive/Mining documents/MiningData/YESAB Files/Reference Documents Requested in IR1 Question R1-175/TM_FieldSummary_106-2_Draft_2015Mar13_Redacted.pdf,9,False,table
/content/drive/MyDrive/Mining documents/MiningData/YESAB Files/Reference Documents Requested in IR1 Question R1-175/TM_FieldSummary_106-2_Draft_2015Mar13_Redacted.pdf,10,False,table
/content/drive/MyDrive/Mining documents/MiningData/YESAB Files/Reference Documents Requested in IR1 Question R1-175/TM_FieldSummary_106-2_Draft_2015Mar13_Redacted.pdf,11,False,table
/content/drive/MyDrive/Mining documents/MiningData/YESAB Files/Reference Documents Requested in IR1 Question R1-175/TM_FieldSummary_106-2_Draft_2015Mar13_Redacted.pdf,12,False,table
/content/drive/MyDrive/Mining documents/MiningData/YESAB Files/Reference Documents Requested in IR1 Question R1-175/TM_FieldSummary_106-2_Draft_2015Mar13_Redacted.pdf,13,False,table
/content/drive/MyDrive/Mining documents/MiningData/YESAB Files/Reference Documents Requested in IR1 Question R1-175/TM_FieldSummary_106-2_Draft_2015Mar13_Redacted.pdf,14,False,table
/content/drive/MyDrive/Mining documents/MiningData/YESAB Files/Reference Documents Requested in IR1 Question R1-175/TM_FieldSummary_106-2_Draft_2015Mar13_Redacted.pdf,15,False,table
/content/drive/MyDrive/Mining documents/MiningData/YESAB Files/Reference Documents Requested in IR1 Question R1-175/TM_FieldSummary_106-2_Draft_2015Mar13_Redacted.pdf,16,False,table
/content/drive/MyDrive/Mining documents/MiningData/YESAB Files/Reference Documents Requested in IR1 Question R1-175/TM_FieldSummary_106-2_Draft_2015Mar13_Redacted.pdf,17,False,table
/content/drive/MyDrive/Mining documents/MiningData/YESAB Files/Reference Documents Requested in IR1 Question R1-175/TM_FieldSummary_106-2_Draft_2015Mar13_Redacted.pdf,18,False,table
/content/drive/MyDrive/Mining documents/MiningData/YESAB Files/Reference Documents Requested in IR1 Question R1-175/TM_FieldSummary_106-2_Draft_2015Mar13_Redacted.pdf,19,False,table
/content/drive/MyDrive/Mining documents/MiningData/YESAB Files/Reference Documents Requested in IR1 Question R1-175/TM_FieldSummary_106-2_Draft_2015Mar13_Redacted.pdf,20,False,table
/content/drive/MyDrive/Mining documents/MiningData/YESAB Files/Reference Documents Requested in IR1 Question R1-175/TM_FieldSummary_106-2_Draft_2015Mar13_Redacted.pdf,21,False,table
/content/drive/MyDrive/Mining documents/MiningData/YESAB Files/Reference Documents Requested in IR1 Question R1-175/TM_FieldSummary_106-2_Draft_2015Mar13_Redacted.pdf,22,False,table
/content/drive/MyDrive/Mining documents/MiningData/YESAB Files/Reference Documents Requested in IR1 Question R1-175/TM_FieldSummary_106-2_Draft_2015Mar13_Redacted.pdf,23,False,table
/content/drive/MyDrive/Mining documents/MiningData/YESAB Files/Reference Documents Requested in IR1 Question R1-175/TM_FieldSummary_106-2_Draft_2015Mar13_Redacted.pdf,24,False,table
/content/drive/MyDrive/Mining documents/MiningData/YESAB Files/Reference Documents Requested in IR1 Question R1-175/TM_FieldSummary_106-2_Draft_2015Mar13_Redacted.pdf,25,False,table
/content/drive/MyDrive/Mining documents/MiningData/YESAB Files/Reference Documents Requested in IR1 Question R1-175/TM_FieldSummary_106-2_Draft_2015Mar13_Redacted.pdf,26,False,table
/content/drive/MyDrive/Mining documents/MiningData/YESAB Files/Reference Documents Requested in IR1 Question R1-175/TM_FieldSummary_106-2_Draft_2015Mar13_Redacted.pdf,27,False,table
/content/drive/MyDrive/Mining documents/MiningData/YESAB Files/Reference Documents Requested in IR1 Question R1-175/TM_FieldSummary_106-2_Draft_2015Mar13_Redacted.pdf,28,False,table
/content/drive/MyDrive/Mining documents/MiningData/YESAB Files/Reference Documents Requested in IR1 Question R1-175/TM_FieldSummary_106-2_Draft_2015Mar13_Redacted.pdf,29,False,table
/content/drive/MyDrive/Mining documents/MiningData/YESAB Files/Reference Documents Requested in IR1 Question R1-175/TM_FieldSummary_106-2_Draft_2015Mar13_Redacted.pdf,30,False,table
/content/drive/MyDrive/Mining documents/MiningData/YESAB Files/Reference Documents Requested in IR1 Question R1-175/TM_FieldSummary_106-2_Draft_2015Mar13_Redacted.pdf,31,False,other
/content/drive/MyDrive/Mining documents/MiningData/YESAB Files/Reference Documents Requested in IR1 Question R1-175/TM_FieldSummary_106-2_Draft_2015Mar13_Redacted.pdf,32,False,table
/content/drive/MyDrive/Mining documents/MiningData/YESAB Files/Reference Documents Requested in IR1 Question R1-175/TM_FieldSummary_106-2_Draft_2015Mar13_Redacted.pdf,33,False,table
/content/drive/MyDrive/Mining documents/MiningData/YESAB Files/Reference Documents Requested in IR1 Question R1-175/TM_FieldSummary_106-2_Draft_2015Mar13_Redacted.pdf,34,False,table
/content/drive/MyDrive/Mining documents/MiningData/YESAB Files/Reference Documents Requested in IR1 Question R1-175/TM_FieldSummary_106-2_Draft_2015Mar13_Redacted.pdf,35,False,table
/content/drive/MyDrive/Mining documents/MiningData/YESAB Files/Reference Documents Requested in IR1 Question R1-175/TM_FieldSummary_106-2_Draft_2015Mar13_Redacted.pdf,36,False,table
/content/drive/MyDrive/Mining documents/MiningData/YESAB Files/Reference Documents Requested in IR1 Question R1-175/TM_FieldSummary_106-2_Draft_2015Mar13_Redacted.pdf,37,False,table
/content/drive/MyDrive/Mining documents/MiningData/YESAB Files/Reference Documents Requested in IR1 Question R1-175/TM_FieldSummary_106-2_Draft_2015Mar13_Redacted.pdf,38,False,table
/content/drive/MyDrive/Mining documents/MiningData/YESAB Files/Reference Documents Requested in IR1 Question R1-175/TM_FieldSummary_106-2_Draft_2015Mar13_Redacted.pdf,39,False,other
/content/drive/MyDrive/Mining documents/MiningData/YESAB Files/Reference Documents Requested in IR1 Question R1-175/TM_FieldSummary_106-2_Draft_2015Mar13_Redacted.pdf,40,False,other
/content/drive/MyDrive/Mining documents/MiningData/YESAB Files/Reference Documents Requested in IR1 Question R1-175/TM_FieldSummary_106-2_Draft_2015Mar13_Redacted.pdf,41,False,other
/content/drive/MyDrive/Mining documents/MiningData/YESAB Files/Reference Documents Requested in IR1 Question R1-175/TM_FieldSummary_106-2_Draft_2015Mar13_Redacted.pdf,42,False,other
/content/drive/MyDrive/Mining documents/MiningData/YESAB Files/Reference Documents Requested in IR1 Question R1-175/TM_FieldSummary_106-2_Draft_2015Mar13_Redacted.pdf,43,False,other
/content/drive/MyDrive/Mining documents/MiningData/YESAB Files/Reference Documents Requested in IR1 Question R1-175/TM_FieldSummary_106-2_Draft_2015Mar13_Redacted.pdf,44,False,other
/content/drive/MyDrive/Mining documents/MiningData/YESAB Files/Reference Documents Requested in IR1 Question R1-175/TM_FieldSummary_106-2_Draft_2015Mar13_Redacted.pdf,45,False,other
/content/drive/MyDrive/Mining documents/MiningData/YESAB Files/Reference Documents Requested in IR1 Question R1-175/TM_FieldSummary_106-2_Draft_2015Mar13_Redacted.pdf,46,False,other
/content/drive/MyDrive/Mining documents/MiningData/YESAB Files/Reference Documents Requested in IR1 Question R1-175/TM_FieldSummary_106-2_Draft_2015Mar13_Redacted.pdf,47,False,other
/content/drive/MyDrive/Mining documents/MiningData/YESAB Files/Reference Documents Requested in IR1 Question R1-175/TM_FieldSummary_106-2_Draft_2015Mar13_Redacted.pdf,48,False,other
/content/drive/MyDrive/Mining documents/MiningData/YESAB Files/Reference Documents Requested in IR1 Question R1-175/TM_FieldSummary_106-2_Draft_2015Mar13_Redacted.pdf,49,False,other
/content/drive/MyDrive/Mining documents/MiningData/YESAB Files/Reference Documents Requested in IR1 Question R1-175/TM_FieldSummary_106-2_Draft_2015Mar13_Redacted.pdf,50,False,other
/content/drive/MyDrive/Mining documents/MiningData/YESAB Files/Reference Documents Requested in IR1 Question R1-175/TM_FieldSummary_106-2_Draft_2015Mar13_Redacted.pdf,51,False,other
/content/drive/MyDrive/Mining documents/MiningData/YESAB Files/Reference Documents Requested in IR1 Question R1-175/TM_FieldSummary_106-2_Draft_2015Mar13_Redacted.pdf,52,False,other
/content/drive/MyDrive/Mining documents/MiningData/YESAB Files/Reference Documents Requested in IR1 Question R1-175/TM_FieldSummary_106-2_Draft_2015Mar13_Redacted.pdf,53,False,other
/content/drive/MyDrive/Mining documents/MiningData/YESAB Files/Reference Documents Requested in IR1 Question R1-175/TM_FieldSummary_106-2_Draft_2015Mar13_Redacted.pdf,54,False,other
/content/drive/MyDrive/Mining documents/MiningData/YESAB Files/Reference Documents Requested in IR1 Question R1-175/TM_FieldSummary_106-2_Draft_2015Mar13_Redacted.pdf,55,False,other
/content/drive/MyDrive/Mining documents/MiningData/YESAB Files/Reference Documents Requested in IR1 Question R1-175/TM_FieldSummary_106-2_Draft_2015Mar13_Redacted.pdf,56,False,other
/content/drive/MyDrive/Mining documents/MiningData/YESAB Files/Reference Documents Requested in IR1 Question R1-175/TM_FieldSummary_106-2_Draft_2015Mar13_Redacted.pdf,57,False,other
/content/drive/MyDrive/Mining documents/MiningData/YESAB Files/Reference Documents Requested in IR1 Question R1-175/TM_FieldSummary_106-2_Draft_2015Mar13_Redacted.pdf,58,False,other
/content/drive/MyDrive/Mining documents/MiningData/YESAB Files/Reference Documents Requested in IR1 Question R1-175/TM_FieldSummary_106-2_Draft_2015Mar13_Redacted.pdf,59,False,other
/content/drive/MyDrive/Mining documents/MiningData/YESAB Files/Reference Documents Requested in IR1 Question R1-175/TM_FieldSummary_106-2_Draft_2015Mar13_Redacted.pdf,60,False,other
/content/drive/MyDrive/Mining documents/MiningData/YESAB Files/Reference Documents Requested in IR1 Question R1-175/TM_FieldSummary_106-2_Draft_2015Mar13_Redacted.pdf,61,False,correspondence
/content/drive/MyDrive/Mining documents/MiningData/YESAB Files/Reference Documents Requested in IR1 Question R1-175/TM_FieldSummary_106-2_Draft_2015Mar13_Redacted.pdf,61,False,table
/content/drive/MyDrive/Mining documents/MiningData/YESAB Files/Reference Documents Requested in IR1 Question R1-175/TM_FieldSummary_106-2_Draft_2015Mar13_Redacted.pdf,62,False,table
/content/drive/MyDrive/Mining documents/MiningData/YESAB Files/Reference Documents Requested in IR1 Question R1-175/TM_FieldSummary_106-2_Draft_2015Mar13_Redacted.pdf,62,False,chart
/content/drive/MyDrive/Mining documents/MiningData/YESAB Files/Reference Documents Requested in IR1 Question R1-175/TM_FieldSummary_106-2_Draft_2015Mar13_Redacted.pdf,63,False,correspondence
/content/drive/MyDrive/Mining documents/MiningData/YESAB Files/Reference Documents Requested in IR1 Question R1-175/TM_FieldSummary_106-2_Draft_2015Mar13_Redacted.pdf,63,False,table
/content/drive/MyDrive/Mining documents/MiningData/YESAB Files/Reference Documents Requested in IR1 Question R1-175/TM_FieldSummary_106-2_Draft_2015Mar13_Redacted.pdf,64,False,correspondence
/content/drive/MyDrive/Mining documents/MiningData/YESAB Files/Reference Documents Requested in IR1 Question R1-175/TM_FieldSummary_106-2_Draft_2015Mar13_Redacted.pdf,64,False,table
/content/drive/MyDrive/Mining documents/MiningData/YESAB Files/Reference Documents Requested in IR1 Question R1-175/TM_FieldSummary_106-2_Draft_2015Mar13_Redacted.pdf,65,False,correspondence
/content/drive/MyDrive/Mining documents/MiningData/YESAB Files/Reference Documents Requested in IR1 Question R1-175/TM_FieldSummary_106-2_Draft_2015Mar13_Redacted.pdf,65,False,table
/content/drive/MyDrive/Mining documents/MiningData/YESAB Files/Reference Documents Requested in IR1 Question R1-175/TM_FieldSummary_106-2_Draft_2015Mar13_Redacted.pdf,66,False,correspondence
/content/drive/MyDrive/Mining documents/MiningData/YESAB Files/Reference Documents Requested in IR1 Question R1-175/TM_FieldSummary_106-2_Draft_2015Mar13_Redacted.pdf,66,False,chart
/content/drive/MyDrive/Mining documents/MiningData/YESAB Files/Reference Documents Requested in IR1 Question R1-175/TM_FieldSummary_106-2_Draft_2015Mar13_Redacted.pdf,66,False,table
/content/drive/MyDrive/Mining documents/MiningData/YESAB Files/Reference Documents Requested in IR1 Question R1-175/TM_FieldSummary_106-2_Draft_2015Mar13_Redacted.pdf,67,False,correspondence
/content/drive/MyDrive/Mining documents/MiningData/YESAB Files/Reference Documents Requested in IR1 Question R1-175/TM_FieldSummary_106-2_Draft_2015Mar13_Redacted.pdf,67,False,chart
/content/drive/MyDrive/Mining documents/MiningData/YESAB Files/Reference Documents Requested in IR1 Question R1-175/TM_FieldSummary_106-2_Draft_2015Mar13_Redacted.pdf,67,False,table
/content/drive/MyDrive/Mining documents/MiningData/YESAB Files/Reference Documents Requested in IR1 Question R1-175/TM_FieldSummary_106-2_Draft_2015Mar13_Redacted.pdf,68,False,correspondence
/content/drive/MyDrive/Mining documents/MiningData/YESAB Files/Reference Documents Requested in IR1 Question R1-175/TM_FieldSummary_106-2_Draft_2015Mar13_Redacted.pdf,68,False,chart
/content/drive/MyDrive/Mining documents/MiningData/YESAB Files/Reference Documents Requested in IR1 Question R1-175/TM_FieldSummary_106-2_Draft_2015Mar13_Redacted.pdf,68,False,table
/content/drive/MyDrive/Mining documents/MiningData/YESAB Files/Reference Documents Requested in IR1 Question R1-175/TM_FieldSummary_106-2_Draft_2015Mar13_Redacted.pdf,69,False,correspondence
/content/drive/MyDrive/Mining documents/MiningData/YESAB Files/Reference Documents Requested in IR1 Question R1-175/TM_FieldSummary_106-2_Draft_2015Mar13_Redacted.pdf,69,False,table
/content/drive/MyDrive/Mining documents/MiningData/YESAB Files/Reference Documents Requested in IR1 Question R1-175/TM_FieldSummary_106-2_Draft_2015Mar13_Redacted.pdf,70,False,correspondence
/content/drive/MyDrive/Mining documents/MiningData/YESAB Files/Reference Documents Requested in IR1 Question R1-175/TM_FieldSummary_106-2_Draft_2015Mar13_Redacted.pdf,70,False,chart
/content/drive/MyDrive/Mining documents/MiningData/YESAB Files/Reference Documents Requested in IR1 Question R1-175/TM_FieldSummary_106-2_Draft_2015Mar13_Redacted.pdf,70,False,table
/content/drive/MyDrive/Mining documents/MiningData/YESAB Files/Reference Documents Requested in IR1 Question R1-175/TM_FieldSummary_106-2_Draft_2015Mar13_Redacted.pdf,71,False,correspondence
/content/drive/MyDrive/Mining documents/MiningData/YESAB Files/Reference Documents Requested in IR1 Question R1-175/TM_FieldSummary_106-2_Draft_2015Mar13_Redacted.pdf,71,False,table
/content/drive/MyDrive/Mining documents/MiningData/YESAB Files/Reference Documents Requested in IR1 Question R1-175/TM_FieldSummary_106-2_Draft_2015Mar13_Redacted.pdf,72,False,correspondence
/content/drive/MyDrive/Mining documents/MiningData/YESAB Files/Reference Documents Requested in IR1 Question R1-175/TM_FieldSummary_106-2_Draft_2015Mar13_Redacted.pdf,72,False,table
/content/drive/MyDrive/Mining documents/MiningData/YESAB Files/Reference Documents Requested in IR1 Question R1-175/TM_FieldSummary_106-2_Draft_2015Mar13_Redacted.pdf,73,False,correspondence
/content/drive/MyDrive/Mining documents/MiningData/YESAB Files/Reference Documents Requested in IR1 Question R1-175/TM_FieldSummary_106-2_Draft_2015Mar13_Redacted.pdf,73,False,table
/content/drive/MyDrive/Mining documents/MiningData/YESAB Files/Reference Documents Requested in IR1 Question R1-175/TM_FieldSummary_106-2_Draft_2015Mar13_Redacted.pdf,74,False,table
/content/drive/MyDrive/Mining documents/MiningData/YESAB Files/Reference Documents Requested in IR1 Question R1-175/TM_FieldSummary_106-2_Draft_2015Mar13_Redacted.pdf,74,False,chart
/content/drive/MyDrive/Mining documents/MiningData/YESAB Files/Reference Documents Requested in IR1 Question R1-175/TM_FieldSummary_106-2_Draft_2015Mar13_Redacted.pdf,75,False,table
/content/drive/MyDrive/Mining documents/MiningData/YESAB Files/Reference Documents Requested in IR1 Question R1-175/TM_FieldSummary_106-2_Draft_2015Mar13_Redacted.pdf,76,False,table
/content/drive/MyDrive/Mining documents/MiningData/YESAB Files/Reference Documents Requested in IR1 Question R1-175/TM_FieldSummary_106-2_Draft_2015Mar13_Redacted.pdf,77,False,table
/content/drive/MyDrive/Mining documents/MiningData/YESAB Files/Reference Documents Requested in IR1 Question R1-175/TM_FieldSummary_106-2_Draft_2015Mar13_Redacted.pdf,78,False,table
/content/drive/MyDrive/Mining documents/MiningData/YESAB Files/Reference Documents Requested in IR1 Question R1-175/TM_FieldSummary_106-2_Draft_2015Mar13_Redacted.pdf,79,False,table
/content/drive/MyDrive/Mining documents/MiningData/YESAB Files/Reference Documents Requested in IR1 Question R1-175/TM_FieldSummary_106-2_Draft_2015Mar13_Redacted.pdf,80,False,chart
/content/drive/MyDrive/Mining documents/MiningData/YESAB Files/Reference Documents Requested in IR1 Question R1-175/TM_FieldSummary_106-2_Draft_2015Mar13_Redacted.pdf,81,False,chart
/content/drive/MyDrive/Mining documents/MiningData/YESAB Files/Reference Documents Requested in IR1 Question R1-175/TM_FieldSummary_106-2_Draft_2015Mar13_Redacted.pdf,82,False,chart
/content/drive/MyDrive/Mining documents/MiningData/YESAB Files/Reference Documents Requested in IR1 Question R1-175/TM_FieldSummary_106-2_Draft_2015Mar13_Redacted.pdf,83,False,chart
/content/drive/MyDrive/Mining documents/MiningData/YESAB Files/Reference Documents Requested in IR1 Question R1-175/TM_FieldSummary_106-2_Draft_2015Mar13_Redacted.pdf,84,False,chart
/content/drive/MyDrive/Mining documents/MiningData/YESAB Files/Reference Documents Requested in IR1 Question R1-175/TM_FieldSummary_106-2_Draft_2015Mar13_Redacted.pdf,85,False,chart
/content/drive/MyDrive/Mining documents/MiningData/YESAB Files/Reference Documents Requested in IR1 Question R1-175/TM_FieldSummary_106-2_Draft_2015Mar13_Redacted.pdf,86,False,table
/content/drive/MyDrive/Mining documents/MiningData/YESAB Files/Reference Documents Requested in IR1 Question R1-175/TM_FieldSummary_106-2_Draft_2015Mar13_Redacted.pdf,87,False,table
/content/drive/MyDrive/Mining documents/MiningData/YESAB Files/Reference Documents Requested in IR1 Question R1-175/TM_FieldSummary_106-2_Draft_2015Mar13_Redacted.pdf,88,False,other
/content/drive/MyDrive/Mining documents/MiningData/YESAB Files/Reference Documents Requested in IR1 Question R1-175/TM_FieldSummary_106-2_Draft_2015Mar13_Redacted.pdf,89,False,table
/content/drive/MyDrive/Mining documents/MiningData/YESAB Files/Reference Documents Requested in IR1 Question R1-175/TM_FieldSummary_106-2_Draft_2015Mar13_Redacted.pdf,90,False,table
/content/drive/MyDrive/Mining documents/MiningData/YESAB Files/Reference Documents Requested in IR1 Question R1-175/TM_FieldSummary_106-2_Draft_2015Mar13_Redacted.pdf,91,False,table
/content/drive/MyDrive/Mining documents/MiningData/YESAB Files/Reference Documents Requested in IR1 Question R1-175/TM_FieldSummary_106-2_Draft_2015Mar13_Redacted.pdf,92,False,chart
/content/drive/MyDrive/Mining documents/MiningData/YESAB Files/Reference Documents Requested in IR1 Question R1-175/TM_FieldSummary_106-2_Draft_2015Mar13_Redacted.pdf,93,False,table
/content/drive/MyDrive/Mining documents/MiningData/YESAB Files/Reference Documents Requested in IR1 Question R1-175/TM_FieldSummary_106-2_Draft_2015Mar13_Redacted.pdf,94,False,table
/content/drive/MyDrive/Mining documents/MiningData/YESAB Files/Reference Documents Requested in IR1 Question R1-175/TM_FieldSummary_106-2_Draft_2015Mar13_Redacted.pdf,95,False,table
/content/drive/MyDrive/Mining documents/MiningData/YESAB Files/Reference Documents Requested in IR1 Question R1-175/TM_FieldSummary_106-2_Draft_2015Mar13_Redacted.pdf,95,False,chart
/content/drive/MyDrive/Mining documents/MiningData/YESAB Files/Reference Documents Requested in IR1 Question R1-175/TM_FieldSummary_106-2_Draft_2015Mar13_Redacted.pdf,96,False,table
/content/drive/MyDrive/Mining documents/MiningData/YESAB Files/Reference Documents Requested in IR1 Question R1-175/TM_FieldSummary_106-2_Draft_2015Mar13_Redacted.pdf,96,False,chart
/content/drive/MyDrive/Mining documents/MiningData/YESAB Files/Reference Documents Requested in IR1 Question R1-175/TM_FieldSummary_106-2_Draft_2015Mar13_Redacted.pdf,97,False,table
/content/drive/MyDrive/Mining documents/MiningData/YESAB Files/Reference Documents Requested in IR1 Question R1-175/TM_FieldSummary_106-2_Draft_2015Mar13_Redacted.pdf,98,False,table
/content/drive/MyDrive/Mining documents/MiningData/YESAB Files/Reference Documents Requested in IR1 Question R1-175/TM_FieldSummary_106-2_Draft_2015Mar13_Redacted.pdf,99,False,table
/content/drive/MyDrive/Mining documents/MiningData/YESAB Files/Reference Documents Requested in IR1 Question R1-175/TM_FieldSummary_106-2_Draft_2015Mar13_Redacted.pdf,100,False,table
/content/drive/MyDrive/Mining documents/MiningData/YESAB Files/Reference Documents Requested in IR1 Question R1-175/TM_FieldSummary_106-2_Draft_2015Mar13_Redacted.pdf,101,False,table
/content/drive/MyDrive/Mining documents/MiningData/YESAB Files/Reference Documents Requested in IR1 Question R1-175/TM_FieldSummary_106-2_Draft_2015Mar13_Redacted.pdf,102,False,chart
/content/drive/MyDrive/Mining documents/MiningData/YESAB Files/Reference Documents Requested in IR1 Question R1-175/TM_FieldSummary_106-2_Draft_2015Mar13_Redacted.pdf,103,False,chart
/content/drive/MyDrive/Mining documents/MiningData/YESAB Files/Reference Documents Requested in IR1 Question R1-175/TM_FieldSummary_106-2_Draft_2015Mar13_Redacted.pdf,104,False,chart
/content/drive/MyDrive/Mining documents/MiningData/YESAB Files/Reference Documents Requested in IR1 Question R1-175/TM_FieldSummary_106-2_Draft_2015Mar13_Redacted.pdf,105,False,chart
/content/drive/MyDrive/Mining documents/MiningData/YESAB Files/Reference Documents Requested in IR1 Question R1-175/TM_FieldSummary_106-2_Draft_2015Mar13_Redacted.pdf,106,False,chart
/content/drive/MyDrive/Mining documents/MiningData/YESAB Files/Reference Documents Requested in IR1 Question R1-175/TM_FieldSummary_106-2_Draft_2015Mar13_Redacted.pdf,107,False,chart
/content/drive/MyDrive/Mining documents/MiningData/YESAB Files/Reference Documents Requested in IR1 Question R1-175/TM_FieldSummary_106-2_Draft_2015Mar13_Redacted.pdf,108,False,table
/content/drive/MyDrive/Mining documents/MiningData/YESAB Files/Reference Documents Requested in IR1 Question R1-175/TM_FieldSummary_106-2_Draft_2015Mar13_Redacted.pdf,109,False,table
/content/drive/MyDrive/Mining documents/MiningData/YESAB Files/Reference Documents Requested in IR1 Question R1-175/TM_FieldSummary_106-2_Draft_2015Mar13_Redacted.pdf,110,False,other
/content/drive/MyDrive/Mining documents/MiningData/YESAB Files/Reference Documents Requested in IR1 Question R1-175/TM_FieldSummary_106-2_Draft_2015Mar13_Redacted.pdf,111,False,table
/content/drive/MyDrive/Mining documents/MiningData/YESAB Files/Reference Documents Requested in IR1 Question R1-175/TM_FieldSummary_106-2_Draft_2015Mar13_Redacted.pdf,112,False,table
/content/drive/MyDrive/Mining documents/MiningData/YESAB Files/Reference Documents Requested in IR1 Question R1-175/TM_FieldSummary_106-2_Draft_2015Mar13_Redacted.pdf,113,False,table
/content/drive/MyDrive/Mining documents/MiningData/YESAB Files/Reference Documents Requested in IR1 Question R1-175/TM_FieldSummary_106-2_Draft_2015Mar13_Redacted.pdf,114,False,chart
/content/drive/MyDrive/Mining documents/MiningData/YESAB Files/Reference Documents Requested in IR1 Question R1-175/TM_FieldSummary_106-2_Draft_2015Mar13_Redacted.pdf,115,False,table
/content/drive/MyDrive/Mining documents/MiningData/YESAB Files/Reference Documents Requested in IR1 Question R1-175/TM_FieldSummary_106-2_Draft_2015Mar13_Redacted.pdf,116,False,table
/content/drive/MyDrive/Mining documents/MiningData/YESAB Files/Reference Documents Requested in IR1 Question R1-175/TM_FieldSummary_106-2_Draft_2015Mar13_Redacted.pdf,117,False,table
/content/drive/MyDrive/Mining documents/MiningData/YESAB Files/Reference Documents Requested in IR1 Question R1-175/TM_FieldSummary_106-2_Draft_2015Mar13_Redacted.pdf,117,False,chart
/content/drive/MyDrive/Mining documents/MiningData/YESAB Files/Reference Documents Requested in IR1 Question R1-175/TM_FieldSummary_106-2_Draft_2015Mar13_Redacted.pdf,118,False,table
/content/drive/MyDrive/Mining documents/MiningData/YESAB Files/Reference Documents Requested in IR1 Question R1-175/TM_FieldSummary_106-2_Draft_2015Mar13_Redacted.pdf,118,False,chart
/content/drive/MyDrive/Mining documents/MiningData/YESAB Files/Reference Documents Requested in IR1 Question R1-175/TM_FieldSummary_106-2_Draft_2015Mar13_Redacted.pdf,119,False,table
/content/drive/MyDrive/Mining documents/MiningData/YESAB Files/Reference Documents Requested in IR1 Question R1-175/TM_FieldSummary_106-2_Draft_2015Mar13_Redacted.pdf,120,False,table
/content/drive/MyDrive/Mining documents/MiningData/YESAB Files/Reference Documents Requested in IR1 Question R1-175/TM_FieldSummary_106-2_Draft_2015Mar13_Redacted.pdf,121,False,table
/content/drive/MyDrive/Mining documents/MiningData/YESAB Files/Reference Documents Requested in IR1 Question R1-175/TM_FieldSummary_106-2_Draft_2015Mar13_Redacted.pdf,122,False,table
/content/drive/MyDrive/Mining documents/MiningData/YESAB Files/Reference Documents Requested in IR1 Question R1-175/TM_FieldSummary_106-2_Draft_2015Mar13_Redacted.pdf,123,False,table
/content/drive/MyDrive/Mining documents/MiningData/YESAB Files/Reference Documents Requested in IR1 Question R1-175/TM_FieldSummary_106-2_Draft_2015Mar13_Redacted.pdf,124,False,chart
/content/drive/MyDrive/Mining documents/MiningData/YESAB Files/Reference Documents Requested in IR1 Question R1-175/TM_FieldSummary_106-2_Draft_2015Mar13_Redacted.pdf,125,False,chart
/content/drive/MyDrive/Mining documents/MiningData/YESAB Files/Reference Documents Requested in IR1 Question R1-175/TM_FieldSummary_106-2_Draft_2015Mar13_Redacted.pdf,126,False,chart
/content/drive/MyDrive/Mining documents/MiningData/YESAB Files/Reference Documents Requested in IR1 Question R1-175/TM_FieldSummary_106-2_Draft_2015Mar13_Redacted.pdf,127,False,chart
/content/drive/MyDrive/Mining documents/MiningData/YESAB Files/Reference Documents Requested in IR1 Question R1-175/TM_FieldSummary_106-2_Draft_2015Mar13_Redacted.pdf,128,False,chart
/content/drive/MyDrive/Mining documents/MiningData/YESAB Files/Reference Documents Requested in IR1 Question R1-175/TM_FieldSummary_106-2_Draft_2015Mar13_Redacted.pdf,129,False,chart
/content/drive/MyDrive/Mining documents/MiningData/YESAB Files/Reference Documents Requested in IR1 Question R1-175/TM_FieldSummary_106-2_Draft_2015Mar13_Redacted.pdf,130,False,table
/content/drive/MyDrive/Mining documents/MiningData/YESAB Files/Reference Documents Requested in IR1 Question R1-175/TM_FieldSummary_106-2_Draft_2015Mar13_Redacted.pdf,131,False,table
/content/drive/MyDrive/Mining documents/MiningData/YESAB Files/Reference Documents Requested in IR1 Question R1-175/TM_FieldSummary_106-2_Draft_2015Mar13_Redacted.pdf,132,False,other
/content/drive/MyDrive/Mining documents/MiningData/YESAB Files/Reference Documents Requested in IR1 Question R1-175/TM_FieldSummary_106-2_Draft_2015Mar13_Redacted.pdf,133,False,table
/content/drive/MyDrive/Mining documents/MiningData/YESAB Files/Reference Documents Requested in IR1 Question R1-175/TM_FieldSummary_106-2_Draft_2015Mar13_Redacted.pdf,134,False,table
/content/drive/MyDrive/Mining documents/MiningData/YESAB Files/Reference Documents Requested in IR1 Question R1-175/TM_FieldSummary_106-2_Draft_2015Mar13_Redacted.pdf,135,False,table
/content/drive/MyDrive/Mining documents/MiningData/YESAB Files/Reference Documents Requested in IR1 Question R1-175/TM_FieldSummary_106-2_Draft_2015Mar13_Redacted.pdf,136,False,chart
/content/drive/MyDrive/Mining documents/MiningData/YESAB Files/Reference Documents Requested in IR1 Question R1-175/TM_FieldSummary_106-2_Draft_2015Mar13_Redacted.pdf,137,False,table
/content/drive/MyDrive/Mining documents/MiningData/YESAB Files/Reference Documents Requested in IR1 Question R1-175/TM_FieldSummary_106-2_Draft_2015Mar13_Redacted.pdf,138,False,table
/content/drive/MyDrive/Mining documents/MiningData/YESAB Files/Reference Documents Requested in IR1 Question R1-175/TM_FieldSummary_106-2_Draft_2015Mar13_Redacted.pdf,139,False,table
/content/drive/MyDrive/Mining documents/MiningData/YESAB Files/Reference Documents Requested in IR1 Question R1-175/TM_FieldSummary_106-2_Draft_2015Mar13_Redacted.pdf,139,False,chart
/content/drive/MyDrive/Mining documents/MiningData/YESAB Files/Reference Documents Requested in IR1 Question R1-175/TM_FieldSummary_106-2_Draft_2015Mar13_Redacted.pdf,140,False,other
/content/drive/MyDrive/Mining documents/MiningData/YESAB Files/Reference Documents Requested in IR1 Question R1-175/TM_FieldSummary_106-2_Draft_2015Mar13_Redacted.pdf,141,False,correspondence
/content/drive/MyDrive/Mining documents/MiningData/YESAB Files/Reference Documents Requested in IR1 Question R1-175/TM_FieldSummary_106-2_Draft_2015Mar13_Redacted.pdf,143,False,table
/content/drive/MyDrive/Mining documents/MiningData/YESAB Files/Reference Documents Requested in IR1 Question R1-175/TM_FieldSummary_106-2_Draft_2015Mar13_Redacted.pdf,144,False,table
/content/drive/MyDrive/Mining documents/MiningData/YESAB Files/Reference Documents Requested in IR1 Question R1-175/TM_FieldSummary_106-2_Draft_2015Mar13_Redacted.pdf,146,False,table
/content/drive/MyDrive/Mining documents/MiningData/YESAB Files/Reference Documents Requested in IR1 Question R1-175/TM_FieldSummary_106-2_Draft_2015Mar13_Redacted.pdf,147,False,table
/content/drive/MyDrive/Mining documents/MiningData/YESAB Files/Reference Documents Requested in IR1 Question R1-175/TM_FieldSummary_106-2_Draft_2015Mar13_Redacted.pdf,148,False,table
/content/drive/MyDrive/Mining documents/MiningData/YESAB Files/Reference Documents Requested in IR1 Question R1-175/TM_FieldSummary_106-2_Draft_2015Mar13_Redacted.pdf,149,False,table
/content/drive/MyDrive/Mining documents/MiningData/YESAB Files/Reference Documents Requested in IR1 Question R1-175/TM_FieldSummary_106-2_Draft_2015Mar13_Redacted.pdf,150,False,table
/content/drive/MyDrive/Mining documents/MiningData/YESAB Files/Reference Documents Requested in IR1 Question R1-175/TM_FieldSummary_106-2_Draft_2015Mar13_Redacted.pdf,151,False,table
/content/drive/MyDrive/Mining documents/MiningData/YESAB Files/Reference Documents Requested in IR1 Question R1-175/TM_FieldSummary_106-2_Draft_2015Mar13_Redacted.pdf,152,False,table
/content/drive/MyDrive/Mining documents/MiningData/YESAB Files/Reference Documents Requested in IR1 Question R1-175/TM_FieldSummary_106-2_Draft_2015Mar13_Redacted.pdf,153,False,table
/content/drive/MyDrive/Mining documents/MiningData/YESAB Files/Reference Documents Requested in IR1 Question R1-175/TM_FieldSummary_106-2_Draft_2015Mar13_Redacted.pdf,154,False,table
/content/drive/MyDrive/Mining documents/MiningData/YESAB Files/Reference Documents Requested in IR1 Question R1-175/TM_FieldSummary_106-2_Draft_2015Mar13_Redacted.pdf,155,False,table
/content/drive/MyDrive/Mining documents/MiningData/YESAB Files/Reference Documents Requested in IR1 Question R1-175/TM_FieldSummary_106-2_Draft_2015Mar13_Redacted.pdf,156,False,table
/content/drive/MyDrive/Mining documents/MiningData/YESAB Files/Reference Documents Requested in IR1 Question R1-175/TM_FieldSummary_106-2_Draft_2015Mar13_Redacted.pdf,157,False,table
/content/drive/MyDrive/Mining documents/MiningData/YESAB Files/Reference Documents Requested in IR1 Question R1-175/TM_FieldSummary_106-2_Draft_2015Mar13_Redacted.pdf,158,False,table
/content/drive/MyDrive/Mining documents/MiningData/YESAB Files/Reference Documents Requested in IR1 Question R1-175/TM_FieldSummary_106-2_Draft_2015Mar13_Redacted.pdf,159,False,table
/content/drive/MyDrive/Mining documents/MiningData/YESAB Files/Reference Documents Requested in IR1 Question R1-175/TM_FieldSummary_106-2_Draft_2015Mar13_Redacted.pdf,160,False,table
/content/drive/MyDrive/Mining documents/MiningData/YESAB Files/Reference Documents Requested in IR1 Question R1-175/TM_FieldSummary_106-2_Draft_2015Mar13_Redacted.pdf,162,False,table
/content/drive/MyDrive/Mining documents/MiningData/YESAB Files/Reference Documents Requested in IR1 Question R1-175/TM_FieldSummary_106-2_Draft_2015Mar13_Redacted.pdf,163,False,table
/content/drive/MyDrive/Mining documents/MiningData/YESAB Files/Reference Documents Requested in IR1 Question R1-175/TM_FieldSummary_106-2_Draft_2015Mar13_Redacted.pdf,164,False,table
/content/drive/MyDrive/Mining documents/MiningData/YESAB Files/Reference Documents Requested in IR1 Question R1-175/TM_FieldSummary_106-2_Draft_2015Mar13_Redacted.pdf,165,False,table
/content/drive/MyDrive/Mining documents/MiningData/YESAB Files/Reference Documents Requested in IR1 Question R1-175/TM_FieldSummary_106-2_Draft_2015Mar13_Redacted.pdf,166,False,table
/content/drive/MyDrive/Mining documents/MiningData/YESAB Files/Reference Documents Requested in IR1 Question R1-175/TM_FieldSummary_106-2_Draft_2015Mar13_Redacted.pdf,167,False,table
/content/drive/MyDrive/Mining documents/MiningData/YESAB Files/Reference Documents Requested in IR1 Question R1-175/TM_FieldSummary_106-2_Draft_2015Mar13_Redacted.pdf,168,False,table
/content/drive/MyDrive/Mining documents/MiningData/YESAB Files/Reference Documents Requested in IR1 Question R1-175/TM_FieldSummary_106-2_Draft_2015Mar13_Redacted.pdf,169,False,table
/content/drive/MyDrive/Mining documents/MiningData/YESAB Files/Reference Documents Requested in IR1 Question R1-175/TM_FieldSummary_106-2_Draft_2015Mar13_Redacted.pdf,170,False,table
/content/drive/MyDrive/Mining documents/MiningData/YESAB Files/Reference Documents Requested in IR1 Question R1-175/TM_FieldSummary_106-2_Draft_2015Mar13_Redacted.pdf,171,False,table
/content/drive/MyDrive/Mining documents/MiningData/YESAB Files/Reference Documents Requested in IR1 Question R1-175/TM_FieldSummary_106-2_Draft_2015Mar13_Redacted.pdf,172,False,table
/content/drive/MyDrive/Mining documents/MiningData/YESAB Files/Reference Documents Requested in IR1 Question R1-175/TM_FieldSummary_106-2_Draft_2015Mar13_Redacted.pdf,173,False,table
/content/drive/MyDrive/Mining documents/MiningData/YESAB Files/Reference Documents Requested in IR1 Question R1-175/TM_FieldSummary_106-2_Draft_2015Mar13_Redacted.pdf,174,False,table
/content/drive/MyDrive/Mining documents/MiningData/YESAB Files/Reference Documents Requested in IR1 Question R1-175/TM_FieldSummary_106-2_Draft_2015Mar13_Redacted.pdf,175,False,table
/content/drive/MyDrive/Mining documents/MiningData/YESAB Files/Reference Documents Requested in IR1 Question R1-175/TM_FieldSummary_106-2_Draft_2015Mar13_Redacted.pdf,176,False,table
/content/drive/MyDrive/Mining documents/MiningData/YESAB Files/Reference Documents Requested in IR1 Question R1-175/TM_FieldSummary_106-2_Draft_2015Mar13_Redacted.pdf,177,False,table
/content/drive/MyDrive/Mining documents/MiningData/YESAB Files/Reference Documents Requested in IR1 Question R1-175/TM_FieldSummary_106-2_Draft_2015Mar13_Redacted.pdf,178,False,table
/content/drive/MyDrive/Mining documents/MiningData/YESAB Files/Reference Documents Requested in IR1 Question R1-175/TM_FieldSummary_106-2_Draft_2015Mar13_Redacted.pdf,179,False,table
/content/drive/MyDrive/Mining documents/MiningData/YESAB Files/Reference Documents Requested in IR1 Question R1-175/TM_FieldSummary_106-2_Draft_2015Mar13_Redacted.pdf,180,False,table
/content/drive/MyDrive/Mining documents/MiningData/YESAB Files/Reference Documents Requested in IR1 Question R1-175/TM_FieldSummary_106-2_Draft_2015Mar13_Redacted.pdf,181,False,table
/content/drive/MyDrive/Mining documents/MiningData/YESAB Files/Reference Documents Requested in IR1 Question R1-175/TM_FieldSummary_106-2_Draft_2015Mar13_Redacted.pdf,182,False,table
/content/drive/MyDrive/Mining documents/MiningData/YESAB Files/Reference Documents Requested in IR1 Question R1-175/TM_FieldSummary_106-2_Draft_2015Mar13_Redacted.pdf,183,False,table
/content/drive/MyDrive/Mining documents/MiningData/YESAB Files/Reference Documents Requested in IR1 Question R1-175/TM_FieldSummary_106-2_Draft_2015Mar13_Redacted.pdf,184,False,table
/content/drive/MyDrive/Mining documents/MiningData/YESAB Files/Reference Documents Requested in IR1 Question R1-175/TM_FieldSummary_106-2_Draft_2015Mar13_Redacted.pdf,186,False,table
/content/drive/MyDrive/Mining documents/MiningData/YESAB Files/Reference Documents Requested in IR1 Question R1-175/TM_FieldSummary_106-2_Draft_2015Mar13_Redacted.pdf,187,False,table
/content/drive/MyDrive/Mining documents/MiningData/YESAB Files/Reference Documents Requested in IR1 Question R1-175/TM_FieldSummary_106-2_Draft_2015Mar13_Redacted.pdf,187,False,chart
/content/drive/MyDrive/Mining documents/MiningData/YESAB Files/Reference Documents Requested in IR1 Question R1-175/TM_FieldSummary_106-2_Draft_2015Mar13_Redacted.pdf,188,False,table
/content/drive/MyDrive/Mining documents/MiningData/YESAB Files/Reference Documents Requested in IR1 Question R1-175/TM_FieldSummary_106-2_Draft_2015Mar13_Redacted.pdf,189,False,table
/content/drive/MyDrive/Mining documents/MiningData/YESAB Files/Reference Documents Requested in IR1 Question R1-175/TM_FieldSummary_106-2_Draft_2015Mar13_Redacted.pdf,189,False,chart
/content/drive/MyDrive/Mining documents/MiningData/YESAB Files/Reference Documents Requested in IR1 Question R1-175/TM_FieldSummary_106-2_Draft_2015Mar13_Redacted.pdf,190,False,table
/content/drive/MyDrive/Mining documents/MiningData/YESAB Files/Reference Documents Requested in IR1 Question R1-175/TM_FieldSummary_106-2_Draft_2015Mar13_Redacted.pdf,191,False,table
/content/drive/MyDrive/Mining documents/MiningData/YESAB Files/Reference Documents Requested in IR1 Question R1-175/TM_FieldSummary_106-2_Draft_2015Mar13_Redacted.pdf,191,False,chart
/content/drive/MyDrive/Mining documents/MiningData/YESAB Files/Reference Documents Requested in IR1 Question R1-175/TM_FieldSummary_106-2_Draft_2015Mar13_Redacted.pdf,192,False,table
/content/drive/MyDrive/Mining documents/MiningData/YESAB Files/Reference Documents Requested in IR1 Question R1-175/TM_FieldSummary_106-2_Draft_2015Mar13_Redacted.pdf,193,False,table
/content/drive/MyDrive/Mining documents/MiningData/YESAB Files/Reference Documents Requested in IR1 Question R1-175/TM_FieldSummary_106-2_Draft_2015Mar13_Redacted.pdf,193,False,chart
/content/drive/MyDrive/Mining documents/MiningData/YESAB Files/Reference Documents Requested in IR1 Question R1-175/TM_FieldSummary_106-2_Draft_2015Mar13_Redacted.pdf,194,False,table
/content/drive/MyDrive/Mining documents/MiningData/YESAB Files/Reference Documents Requested in IR1 Question R1-175/TM_FieldSummary_106-2_Draft_2015Mar13_Redacted.pdf,195,False,table
/content/drive/MyDrive/Mining documents/MiningData/YESAB Files/Reference Documents Requested in IR1 Question R1-175/TM_FieldSummary_106-2_Draft_2015Mar13_Redacted.pdf,195,False,chart
/content/drive/MyDrive/Mining documents/MiningData/YESAB Files/Reference Documents Requested in IR1 Question R1-175/TM_FieldSummary_106-2_Draft_2015Mar13_Redacted.pdf,196,False,table
/content/drive/MyDrive/Mining documents/MiningData/YESAB Files/Reference Documents Requested in IR1 Question R1-175/TM_FieldSummary_106-2_Draft_2015Mar13_Redacted.pdf,197,False,table
/content/drive/MyDrive/Mining documents/MiningData/YESAB Files/Reference Documents Requested in IR1 Question R1-175/TM_FieldSummary_106-2_Draft_2015Mar13_Redacted.pdf,197,False,chart
/content/drive/MyDrive/Mining documents/MiningData/YESAB Files/Reference Documents Requested in IR1 Question R1-175/TM_FieldSummary_106-2_Draft_2015Mar13_Redacted.pdf,198,False,table
/content/drive/MyDrive/Mining documents/MiningData/YESAB Files/Reference Documents Requested in IR1 Question R1-175/TM_FieldSummary_106-2_Draft_2015Mar13_Redacted.pdf,199,False,table
/content/drive/MyDrive/Mining documents/MiningData/YESAB Files/Reference Documents Requested in IR1 Question R1-175/TM_FieldSummary_106-2_Draft_2015Mar13_Redacted.pdf,199,False,chart
/content/drive/MyDrive/Mining documents/MiningData/YESAB Files/Reference Documents Requested in IR1 Question R1-175/TM_FieldSummary_106-2_Draft_2015Mar13_Redacted.pdf,200,False,table
/content/drive/MyDrive/Mining documents/MiningData/YESAB Files/Reference Documents Requested in IR1 Question R1-175/TM_FieldSummary_106-2_Draft_2015Mar13_Redacted.pdf,201,False,table
/content/drive/MyDrive/Mining documents/MiningData/YESAB Files/Reference Documents Requested in IR1 Question R1-175/TM_FieldSummary_106-2_Draft_2015Mar13_Redacted.pdf,201,False,chart
/content/drive/MyDrive/Mining documents/MiningData/YESAB Files/Reference Documents Requested in IR1 Question R1-175/TM_FieldSummary_106-2_Draft_2015Mar13_Redacted.pdf,202,False,table
/content/drive/MyDrive/Mining documents/MiningData/YESAB Files/Reference Documents Requested in IR1 Question R1-175/TM_FieldSummary_106-2_Draft_2015Mar13_Redacted.pdf,203,False,table
/content/drive/MyDrive/Mining documents/MiningData/YESAB Files/Reference Documents Requested in IR1 Question R1-175/TM_FieldSummary_106-2_Draft_2015Mar13_Redacted.pdf,203,False,chart
/content/drive/MyDrive/Mining documents/MiningData/YESAB Files/Reference Documents Requested in IR1 Question R1-175/TM_FieldSummary_106-2_Draft_2015Mar13_Redacted.pdf,204,False,table
/content/drive/MyDrive/Mining documents/MiningData/YESAB Files/Reference Documents Requested in IR1 Question R1-175/TM_FieldSummary_106-2_Draft_2015Mar13_Redacted.pdf,206,False,table
/content/drive/MyDrive/Mining documents/MiningData/YESAB Files/Reference Documents Requested in IR1 Question R1-175/TM_FieldSummary_106-2_Draft_2015Mar13_Redacted.pdf,207,False,table
/content/drive/MyDrive/Mining documents/MiningData/YESAB Files/Reference Documents Requested in IR1 Question R1-175/TM_FieldSummary_106-2_Draft_2015Mar13_Redacted.pdf,208,False,table
/content/drive/MyDrive/Mining documents/MiningData/YESAB Files/Reference Documents Requested in IR1 Question R1-175/TM_FieldSummary_106-2_Draft_2015Mar13_Redacted.pdf,209,False,table
/content/drive/MyDrive/Mining documents/MiningData/YESAB Files/Reference Documents Requested in IR1 Question R1-175/TM_FieldSummary_106-2_Draft_2015Mar13_Redacted.pdf,210,False,table
/content/drive/MyDrive/Mining documents/MiningData/YESAB Files/Reference Documents Requested in IR1 Question R1-175/TM_FieldSummary_106-2_Draft_2015Mar13_Redacted.pdf,211,False,table
/content/drive/MyDrive/Mining documents/MiningData/YESAB Files/Reference Documents Requested in IR1 Question R1-175/TM_FieldSummary_106-2_Draft_2015Mar13_Redacted.pdf,212,False,chart
/content/drive/MyDrive/Mining documents/MiningData/YESAB Files/Reference Documents Requested in IR1 Question R1-175/TM_FieldSummary_106-2_Draft_2015Mar13_Redacted.pdf,213,False,chart
/content/drive/MyDrive/Mining documents/MiningData/YESAB Files/Reference Documents Requested in IR1 Question R1-175/TM_FieldSummary_106-2_Draft_2015Mar13_Redacted.pdf,214,False,chart
/content/drive/MyDrive/Mining documents/MiningData/YESAB Files/Reference Documents Requested in IR1 Question R1-175/TM_FieldSummary_106-2_Draft_2015Mar13_Redacted.pdf,215,False,chart
/content/drive/MyDrive/Mining documents/MiningData/YESAB Files/Reference Documents Requested in IR1 Question R1-175/TM_FieldSummary_106-2_Draft_2015Mar13_Redacted.pdf,216,False,chart
/content/drive/MyDrive/Mining documents/MiningData/YESAB Files/Reference Documents Requested in IR1 Question R1-175/TM_FieldSummary_106-2_Draft_2015Mar13_Redacted.pdf,217,False,chart
/content/drive/MyDrive/Mining documents/MiningData/YESAB Files/Reference Documents Requested in IR1 Question R1-175/TM_FieldSummary_106-2_Draft_2015Mar13_Redacted.pdf,218,False,table
/content/drive/MyDrive/Mining documents/MiningData/YESAB Files/Reference Documents Requested in IR1 Question R1-175/TM_FieldSummary_106-2_Draft_2015Mar13_Redacted.pdf,219,False,table
/content/drive/MyDrive/Mining documents/MiningData/YESAB Files/Reference Documents Requested in IR1 Question R1-175/TM_FieldSummary_106-2_Draft_2015Mar13_Redacted.pdf,220,False,table
/content/drive/MyDrive/Mining documents/MiningData/YESAB Files/Reference Documents Requested in IR1 Question R1-175/TM_FieldSummary_106-2_Draft_2015Mar13_Redacted.pdf,221,False,chart
/content/drive/MyDrive/Mining documents/MiningData/YESAB Files/Reference Documents Requested in IR1 Question R1-175/TM_FieldSummary_106-2_Draft_2015Mar13_Redacted.pdf,222,False,chart
/content/drive/MyDrive/Mining documents/MiningData/YESAB Files/Reference Documents Requested in IR1 Question R1-175/TM_FieldSummary_106-2_Draft_2015Mar13_Redacted.pdf,223,False,chart
/content/drive/MyDrive/Mining documents/MiningData/YESAB Files/Reference Documents Requested in IR1 Question R1-175/TM_FieldSummary_106-2_Draft_2015Mar13_Redacted.pdf,224,False,chart
/content/drive/MyDrive/Mining documents/MiningData/YESAB Files/Reference Documents Requested in IR1 Question R1-175/TM_FieldSummary_106-2_Draft_2015Mar13_Redacted.pdf,225,False,chart
/content/drive/MyDrive/Mining documents/MiningData/YESAB Files/Reference Documents Requested in IR1 Question R1-175/TM_FieldSummary_106-2_Draft_2015Mar13_Redacted.pdf,226,False,chart
/content/drive/MyDrive/Mining documents/MiningData/YESAB Files/Reference Documents Requested in IR1 Question R1-175/TM_FieldSummary_106-2_Draft_2015Mar13_Redacted.pdf,227,False,table
/content/drive/MyDrive/Mining documents/MiningData/YESAB Files/Reference Documents Requested in IR1 Question R1-175/TM_FieldSummary_106-2_Draft_2015Mar13_Redacted.pdf,228,False,table
/content/drive/MyDrive/Mining documents/MiningData/YESAB Files/Reference Documents Requested in IR1 Question R1-175/TM_FieldSummary_106-2_Draft_2015Mar13_Redacted.pdf,229,False,table
/content/drive/MyDrive/Mining documents/MiningData/YESAB Files/Reference Documents Requested in IR1 Question R1-175/TM_FieldSummary_106-2_Draft_2015Mar13_Redacted.pdf,230,False,table
/content/drive/MyDrive/Mining documents/MiningData/YESAB Files/Reference Documents Requested in IR1 Question R1-175/TM_FieldSummary_106-2_Draft_2015Mar13_Redacted.pdf,231,False,chart
/content/drive/MyDrive/Mining documents/MiningData/YESAB Files/Reference Documents Requested in IR1 Question R1-175/TM_FieldSummary_106-2_Draft_2015Mar13_Redacted.pdf,232,False,chart
/content/drive/MyDrive/Mining documents/MiningData/YESAB Files/Reference Documents Requested in IR1 Question R1-175/TM_FieldSummary_106-2_Draft_2015Mar13_Redacted.pdf,233,False,chart
/content/drive/MyDrive/Mining documents/MiningData/YESAB Files/Reference Documents Requested in IR1 Question R1-175/TM_FieldSummary_106-2_Draft_2015Mar13_Redacted.pdf,234,False,chart
/content/drive/MyDrive/Mining documents/MiningData/YESAB Files/Reference Documents Requested in IR1 Question R1-175/TM_FieldSummary_106-2_Draft_2015Mar13_Redacted.pdf,235,False,chart
/content/drive/MyDrive/Mining documents/MiningData/YESAB Files/Reference Documents Requested in IR1 Question R1-175/TM_FieldSummary_106-2_Draft_2015Mar13_Redacted.pdf,236,False,chart
/content/drive/MyDrive/Mining documents/MiningData/YESAB Files/Reference Documents Requested in IR1 Question R1-175/TM_FieldSummary_106-2_Draft_2015Mar13_Redacted.pdf,237,False,table
/content/drive/MyDrive/Mining documents/MiningData/YESAB Files/Reference Documents Requested in IR1 Question R1-175/TM_FieldSummary_106-2_Draft_2015Mar13_Redacted.pdf,238,False,table
/content/drive/MyDrive/Mining documents/MiningData/YESAB Files/Reference Documents Requested in IR1 Question R1-175/TM_FieldSummary_106-2_Draft_2015Mar13_Redacted.pdf,239,False,table
/content/drive/MyDrive/Mining documents/MiningData/YESAB Files/Reference Documents Requested in IR1 Question R1-175/TM_FieldSummary_106-2_Draft_2015Mar13_Redacted.pdf,240,False,chart
/content/drive/MyDrive/Mining documents/MiningData/YESAB Files/Reference Documents Requested in IR1 Question R1-175/TM_FieldSummary_106-2_Draft_2015Mar13_Redacted.pdf,241,False,chart
/content/drive/MyDrive/Mining documents/MiningData/YESAB Files/Reference Documents Requested in IR1 Question R1-175/TM_FieldSummary_106-2_Draft_2015Mar13_Redacted.pdf,242,False,chart
/content/drive/MyDrive/Mining documents/MiningData/YESAB Files/Reference Documents Requested in IR1 Question R1-175/TM_FieldSummary_106-2_Draft_2015Mar13_Redacted.pdf,243,False,chart
/content/drive/MyDrive/Mining documents/MiningData/YESAB Files/Reference Documents Requested in IR1 Question R1-175/TM_FieldSummary_106-2_Draft_2015Mar13_Redacted.pdf,244,False,chart
/content/drive/MyDrive/Mining documents/MiningData/YESAB Files/Reference Documents Requested in IR1 Question R1-175/TM_FieldSummary_106-2_Draft_2015Mar13_Redacted.pdf,245,False,chart
/content/drive/MyDrive/Mining documents/MiningData/YESAB Files/Reference Documents Requested in IR1 Question R1-175/TM_FieldSummary_106-2_Draft_2015Mar13_Redacted.pdf,246,False,table
/content/drive/MyDrive/Mining documents/MiningData/YESAB Files/Reference Documents Requested in IR1 Question R1-175/TM_FieldSummary_106-2_Draft_2015Mar13_Redacted.pdf,247,False,table
/content/drive/MyDrive/Mining documents/MiningData/YESAB Files/Reference Documents Requested in IR1 Question R1-175/TM_FieldSummary_106-2_Draft_2015Mar13_Redacted.pdf,248,False,table
/content/drive/MyDrive/Mining documents/MiningData/YESAB Files/Reference Documents Requested in IR1 Question R1-175/TM_FieldSummary_106-2_Draft_2015Mar13_Redacted.pdf,249,False,table
/content/drive/MyDrive/Mining documents/MiningData/YESAB Files/Reference Documents Requested in IR1 Question R1-175/TM_FieldSummary_106-2_Draft_2015Mar13_Redacted.pdf,250,False,chart
/content/drive/MyDrive/Mining documents/MiningData/YESAB Files/Reference Documents Requested in IR1 Question R1-175/TM_FieldSummary_106-2_Draft_2015Mar13_Redacted.pdf,251,False,chart
/content/drive/MyDrive/Mining documents/MiningData/YESAB Files/Reference Documents Requested in IR1 Question R1-175/TM_FieldSummary_106-2_Draft_2015Mar13_Redacted.pdf,252,False,chart
/content/drive/MyDrive/Mining documents/MiningData/YESAB Files/Reference Documents Requested in IR1 Question R1-175/TM_FieldSummary_106-2_Draft_2015Mar13_Redacted.pdf,253,False,chart
/content/drive/MyDrive/Mining documents/MiningData/YESAB Files/Reference Documents Requested in IR1 Question R1-175/TM_FieldSummary_106-2_Draft_2015Mar13_Redacted.pdf,254,False,chart
/content/drive/MyDrive/Mining documents/MiningData/YESAB Files/Reference Documents Requested in IR1 Question R1-175/TM_FieldSummary_106-2_Draft_2015Mar13_Redacted.pdf,255,False,chart
/content/drive/MyDrive/Mining documents/MiningData/YESAB Files/Reference Documents Requested in IR1 Question R1-175/TM_FieldSummary_106-2_Draft_2015Mar13_Redacted.pdf,256,False,table
/content/drive/MyDrive/Mining documents/MiningData/YESAB Files/Reference Documents Requested in IR1 Question R1-175/TM_FieldSummary_106-2_Draft_2015Mar13_Redacted.pdf,257,False,table
/content/drive/MyDrive/Mining documents/MiningData/YESAB Files/Reference Documents Requested in IR1 Question R1-175/TM_FieldSummary_106-2_Draft_2015Mar13_Redacted.pdf,258,False,table
/content/drive/MyDrive/Mining documents/MiningData/YESAB Files/Reference Documents Requested in IR1 Question R1-175/TM_FieldSummary_106-2_Draft_2015Mar13_Redacted.pdf,259,False,table
/content/drive/MyDrive/Mining documents/MiningData/YESAB Files/Reference Documents Requested in IR1 Question R1-175/TM_FieldSummary_106-2_Draft_2015Mar13_Redacted.pdf,260,False,chart
/content/drive/MyDrive/Mining documents/MiningData/YESAB Files/Reference Documents Requested in IR1 Question R1-175/TM_FieldSummary_106-2_Draft_2015Mar13_Redacted.pdf,261,False,chart
/content/drive/MyDrive/Mining documents/MiningData/YESAB Files/Reference Documents Requested in IR1 Question R1-175/TM_FieldSummary_106-2_Draft_2015Mar13_Redacted.pdf,262,False,chart
/content/drive/MyDrive/Mining documents/MiningData/YESAB Files/Reference Documents Requested in IR1 Question R1-175/TM_FieldSummary_106-2_Draft_2015Mar13_Redacted.pdf,263,False,chart
/content/drive/MyDrive/Mining documents/MiningData/YESAB Files/Reference Documents Requested in IR1 Question R1-175/TM_FieldSummary_106-2_Draft_2015Mar13_Redacted.pdf,264,False,chart
/content/drive/MyDrive/Mining documents/MiningData/YESAB Files/Reference Documents Requested in IR1 Question R1-175/TM_FieldSummary_106-2_Draft_2015Mar13_Redacted.pdf,265,False,chart
/content/drive/MyDrive/Mining documents/MiningData/YESAB Files/Reference Documents Requested in IR1 Question R1-175/TM_FieldSummary_106-2_Draft_2015Mar13_Redacted.pdf,266,False,table
/content/drive/MyDrive/Mining documents/MiningData/YESAB Files/Reference Documents Requested in IR1 Question R1-175/TM_FieldSummary_106-2_Draft_2015Mar13_Redacted.pdf,267,False,table
/content/drive/MyDrive/Mining documents/MiningData/YESAB Files/Reference Documents Requested in IR1 Question R1-175/TM_FieldSummary_106-2_Draft_2015Mar13_Redacted.pdf,268,False,table
/content/drive/MyDrive/Mining documents/MiningData/YESAB Files/Reference Documents Requested in IR1 Question R1-175/TM_FieldSummary_106-2_Draft_2015Mar13_Redacted.pdf,269,False,table
/content/drive/MyDrive/Mining documents/MiningData/YESAB Files/Reference Documents Requested in IR1 Question R1-175/TM_FieldSummary_106-2_Draft_2015Mar13_Redacted.pdf,270,False,chart
/content/drive/MyDrive/Mining documents/MiningData/YESAB Files/Reference Documents Requested in IR1 Question R1-175/TM_FieldSummary_106-2_Draft_2015Mar13_Redacted.pdf,271,False,chart
/content/drive/MyDrive/Mining documents/MiningData/YESAB Files/Reference Documents Requested in IR1 Question R1-175/TM_FieldSummary_106-2_Draft_2015Mar13_Redacted.pdf,272,False,chart
/content/drive/MyDrive/Mining documents/MiningData/YESAB Files/Reference Documents Requested in IR1 Question R1-175/TM_FieldSummary_106-2_Draft_2015Mar13_Redacted.pdf,273,False,chart
/content/drive/MyDrive/Mining documents/MiningData/YESAB Files/Reference Documents Requested in IR1 Question R1-175/TM_FieldSummary_106-2_Draft_2015Mar13_Redacted.pdf,274,False,chart
/content/drive/MyDrive/Mining documents/MiningData/YESAB Files/Reference Documents Requested in IR1 Question R1-175/TM_FieldSummary_106-2_Draft_2015Mar13_Redacted.pdf,275,False,chart
/content/drive/MyDrive/Mining documents/MiningData/YESAB Files/Reference Documents Requested in IR1 Question R1-175/TM_FieldSummary_106-2_Draft_2015Mar13_Redacted.pdf,276,False,table
/content/drive/MyDrive/Mining documents/MiningData/YESAB Files/Reference Documents Requested in IR1 Question R1-175/TM_FieldSummary_106-2_Draft_2015Mar13_Redacted.pdf,277,False,table
/content/drive/MyDrive/Mining documents/MiningData/YESAB Files/Reference Documents Requested in IR1 Question R1-175/TM_FieldSummary_106-2_Draft_2015Mar13_Redacted.pdf,278,False,table
/content/drive/MyDrive/Mining documents/MiningData/YESAB Files/Reference Documents Requested in IR1 Question R1-175/TM_FieldSummary_106-2_Draft_2015Mar13_Redacted.pdf,279,False,table
/content/drive/MyDrive/Mining documents/MiningData/YESAB Files/Reference Documents Requested in IR1 Question R1-175/TM_FieldSummary_106-2_Draft_2015Mar13_Redacted.pdf,280,False,chart
/content/drive/MyDrive/Mining documents/MiningData/YESAB Files/Reference Documents Requested in IR1 Question R1-175/TM_FieldSummary_106-2_Draft_2015Mar13_Redacted.pdf,281,False,chart
/content/drive/MyDrive/Mining documents/MiningData/YESAB Files/Reference Documents Requested in IR1 Question R1-175/TM_FieldSummary_106-2_Draft_2015Mar13_Redacted.pdf,282,False,chart
/content/drive/MyDrive/Mining documents/MiningData/YESAB Files/Reference Documents Requested in IR1 Question R1-175/TM_FieldSummary_106-2_Draft_2015Mar13_Redacted.pdf,283,False,chart
/content/drive/MyDrive/Mining documents/MiningData/YESAB Files/Reference Documents Requested in IR1 Question R1-175/TM_FieldSummary_106-2_Draft_2015Mar13_Redacted.pdf,284,False,chart
/content/drive/MyDrive/Mining documents/MiningData/YESAB Files/Reference Documents Requested in IR1 Question R1-175/TM_FieldSummary_106-2_Draft_2015Mar13_Redacted.pdf,285,False,chart
/content/drive/MyDrive/Mining documents/MiningData/YESAB Files/Reference Documents Requested in IR1 Question R1-175/TM_FieldSummary_106-2_Draft_2015Mar13_Redacted.pdf,286,False,table
/content/drive/MyDrive/Mining documents/MiningData/YESAB Files/Reference Documents Requested in IR1 Question R1-175/TM_FieldSummary_106-2_Draft_2015Mar13_Redacted.pdf,287,False,table
/content/drive/MyDrive/Mining documents/MiningData/YESAB Files/Reference Documents Requested in IR1 Question R1-175/TM_FieldSummary_106-2_Draft_2015Mar13_Redacted.pdf,288,False,table
/content/drive/MyDrive/Mining documents/MiningData/YESAB Files/Reference Documents Requested in IR1 Question R1-175/TM_FieldSummary_106-2_Draft_2015Mar13_Redacted.pdf,289,False,table
/content/drive/MyDrive/Mining documents/MiningData/YESAB Files/Reference Documents Requested in IR1 Question R1-175/TM_FieldSummary_106-2_Draft_2015Mar13_Redacted.pdf,290,False,chart
/content/drive/MyDrive/Mining documents/MiningData/YESAB Files/Reference Documents Requested in IR1 Question R1-175/TM_FieldSummary_106-2_Draft_2015Mar13_Redacted.pdf,291,False,chart
/content/drive/MyDrive/Mining documents/MiningData/YESAB Files/Reference Documents Requested in IR1 Question R1-175/TM_FieldSummary_106-2_Draft_2015Mar13_Redacted.pdf,292,False,chart
/content/drive/MyDrive/Mining documents/MiningData/YESAB Files/Reference Documents Requested in IR1 Question R1-175/TM_FieldSummary_106-2_Draft_2015Mar13_Redacted.pdf,293,False,chart
/content/drive/MyDrive/Mining documents/MiningData/YESAB Files/Reference Documents Requested in IR1 Question R1-175/TM_FieldSummary_106-2_Draft_2015Mar13_Redacted.pdf,294,False,chart
/content/drive/MyDrive/Mining documents/MiningData/YESAB Files/Reference Documents Requested in IR1 Question R1-175/TM_FieldSummary_106-2_Draft_2015Mar13_Redacted.pdf,295,False,chart
/content/drive/MyDrive/Mining documents/MiningData/YESAB Files/Reference Documents Requested in IR1 Question R1-175/TM_FieldSummary_106-2_Draft_2015Mar13_Redacted.pdf,296,False,table
/content/drive/MyDrive/Mining documents/MiningData/YESAB Files/Reference Documents Requested in IR1 Question R1-175/TM_FieldSummary_106-2_Draft_2015Mar13_Redacted.pdf,298,False,table
/content/drive/MyDrive/Mining documents/MiningData/YESAB Files/Reference Documents Requested in IR1 Question R1-175/TM_FieldSummary_106-2_Draft_2015Mar13_Redacted.pdf,299,False,table
/content/drive/MyDrive/Mining documents/MiningData/YESAB Files/Reference Documents Requested in IR1 Question R1-175/TM_FieldSummary_106-2_Draft_2015Mar13_Redacted.pdf,300,False,table
/content/drive/MyDrive/Mining documents/MiningData/YESAB Files/Reference Documents Requested in IR1 Question R1-175/TM_FieldSummary_106-2_Draft_2015Mar13_Redacted.pdf,301,False,table
/content/drive/MyDrive/Mining documents/MiningData/YESAB Files/Reference Documents Requested in IR1 Question R1-175/TM_FieldSummary_106-2_Draft_2015Mar13_Redacted.pdf,302,False,table
/content/drive/MyDrive/Mining documents/MiningData/YESAB Files/Reference Documents Requested in IR1 Question R1-175/TM_FieldSummary_106-2_Draft_2015Mar13_Redacted.pdf,303,False,chart
/content/drive/MyDrive/Mining documents/MiningData/YESAB Files/Reference Documents Requested in IR1 Question R1-175/TM_FieldSummary_106-2_Draft_2015Mar13_Redacted.pdf,304,False,table
/content/drive/MyDrive/Mining documents/MiningData/YESAB Files/Reference Documents Requested in IR1 Question R1-175/TM_FieldSummary_106-2_Draft_2015Mar13_Redacted.pdf,305,False,table
/content/drive/MyDrive/Mining documents/MiningData/YESAB Files/Reference Documents Requested in IR1 Question R1-175/TM_FieldSummary_106-2_Draft_2015Mar13_Redacted.pdf,306,False,chart
/content/drive/MyDrive/Mining documents/MiningData/YESAB Files/Reference Documents Requested in IR1 Question R1-175/TM_FieldSummary_106-2_Draft_2015Mar13_Redacted.pdf,307,False,table
/content/drive/MyDrive/Mining documents/MiningData/YESAB Files/Reference Documents Requested in IR1 Question R1-175/TM_FieldSummary_106-2_Draft_2015Mar13_Redacted.pdf,308,False,table
/content/drive/MyDrive/Mining documents/MiningData/YESAB Files/Reference Documents Requested in IR1 Question R1-175/TM_FieldSummary_106-2_Draft_2015Mar13_Redacted.pdf,309,False,chart
/content/drive/MyDrive/Mining documents/MiningData/YESAB Files/Reference Documents Requested in IR1 Question R1-175/TM_FieldSummary_106-2_Draft_2015Mar13_Redacted.pdf,310,False,table
/content/drive/MyDrive/Mining documents/MiningData/YESAB Files/Reference Documents Requested in IR1 Question R1-175/TM_FieldSummary_106-2_Draft_2015Mar13_Redacted.pdf,311,False,table
/content/drive/MyDrive/Mining documents/MiningData/YESAB Files/Reference Documents Requested in IR1 Question R1-175/TM_FieldSummary_106-2_Draft_2015Mar13_Redacted.pdf,312,False,chart
/content/drive/MyDrive/Mining documents/MiningData/YESAB Files/Reference Documents Requested in IR1 Question R1-175/TM_FieldSummary_106-2_Draft_2015Mar13_Redacted.pdf,313,False,table
/content/drive/MyDrive/Mining documents/MiningData/YESAB Files/Reference Documents Requested in IR1 Question R1-175/TM_FieldSummary_106-2_Draft_2015Mar13_Redacted.pdf,314,False,table
/content/drive/MyDrive/Mining documents/MiningData/YESAB Files/Reference Documents Requested in IR1 Question R1-175/TM_FieldSummary_106-2_Draft_2015Mar13_Redacted.pdf,315,False,chart
/content/drive/MyDrive/Mining documents/MiningData/YESAB Files/Reference Documents Requested in IR1 Question R1-175/TM_FieldSummary_106-2_Draft_2015Mar13_Redacted.pdf,316,False,table
/content/drive/MyDrive/Mining documents/MiningData/YESAB Files/Reference Documents Requested in IR1 Question R1-175/TM_FieldSummary_106-2_Draft_2015Mar13_Redacted.pdf,317,False,table
/content/drive/MyDrive/Mining documents/MiningData/YESAB Files/Reference Documents Requested in IR1 Question R1-175/TM_FieldSummary_106-2_Draft_2015Mar13_Redacted.pdf,318,False,chart
/content/drive/MyDrive/Mining documents/MiningData/YESAB Files/Reference Documents Requested in IR1 Question R1-175/TM_FieldSummary_106-2_Draft_2015Mar13_Redacted.pdf,319,False,table
/content/drive/MyDrive/Mining documents/MiningData/YESAB Files/Reference Documents Requested in IR1 Question R1-175/TM_FieldSummary_106-2_Draft_2015Mar13_Redacted.pdf,320,False,table
/content/drive/MyDrive/Mining documents/MiningData/YESAB Files/Reference Documents Requested in IR1 Question R1-175/TM_FieldSummary_106-2_Draft_2015Mar13_Redacted.pdf,321,False,chart
/content/drive/MyDrive/Mining documents/MiningData/YESAB Files/Reference Documents Requested in IR1 Question R1-175/TM_FieldSummary_106-2_Draft_2015Mar13_Redacted.pdf,322,False,table
/content/drive/MyDrive/Mining documents/MiningData/YESAB Files/Reference Documents Requested in IR1 Question R1-175/TM_FieldSummary_106-2_Draft_2015Mar13_Redacted.pdf,323,False,table
/content/drive/MyDrive/Mining documents/MiningData/YESAB Files/Reference Documents Requested in IR1 Question R1-175/TM_FieldSummary_106-2_Draft_2015Mar13_Redacted.pdf,324,False,chart
/content/drive/MyDrive/Mining documents/MiningData/YESAB Files/Reference Documents Requested in IR1 Question R1-175/TM_FieldSummary_106-2_Draft_2015Mar13_Redacted.pdf,325,False,table
/content/drive/MyDrive/Mining documents/MiningData/YESAB Files/Reference Documents Requested in IR1 Question R1-175/TM_FieldSummary_106-2_Draft_2015Mar13_Redacted.pdf,326,False,table
/content/drive/MyDrive/Mining documents/MiningData/YESAB Files/Reference Documents Requested in IR1 Question R1-175/TM_FieldSummary_106-2_Draft_2015Mar13_Redacted.pdf,327,False,chart
/content/drive/MyDrive/Mining documents/MiningData/YESAB Files/Reference Documents Requested in IR1 Question R1-175/TM_FieldSummary_106-2_Draft_2015Mar13_Redacted.pdf,328,False,table
/content/drive/MyDrive/Mining documents/MiningData/YESAB Files/Reference Documents Requested in IR1 Question R1-175/TM_FieldSummary_106-2_Draft_2015Mar13_Redacted.pdf,329,False,table
/content/drive/MyDrive/Mining documents/MiningData/YESAB Files/Reference Documents Requested in IR1 Question R1-175/TM_FieldSummary_106-2_Draft_2015Mar13_Redacted.pdf,330,False,chart
/content/drive/MyDrive/Mining documents/MiningData/YESAB Files/Reference Documents Requested in IR1 Question R1-175/TM_FieldSummary_106-2_Draft_2015Mar13_Redacted.pdf,331,False,table
/content/drive/MyDrive/Mining documents/MiningData/YESAB Files/Reference Documents Requested in IR1 Question R1-175/TM_FieldSummary_106-2_Draft_2015Mar13_Redacted.pdf,332,False,table
/content/drive/MyDrive/Mining documents/MiningData/YESAB Files/Reference Documents Requested in IR1 Question R1-175/TM_FieldSummary_106-2_Draft_2015Mar13_Redacted.pdf,333,False,chart
/content/drive/MyDrive/Mining documents/MiningData/YESAB Files/Reference Documents Requested in IR1 Question R1-175/TM_FieldSummary_106-2_Draft_2015Mar13_Redacted.pdf,334,False,table
/content/drive/MyDrive/Mining documents/MiningData/YESAB Files/Reference Documents Requested in IR1 Question R1-175/TM_FieldSummary_106-2_Draft_2015Mar13_Redacted.pdf,335,False,table
/content/drive/MyDrive/Mining documents/MiningData/YESAB Files/Reference Documents Requested in IR1 Question R1-175/TM_FieldSummary_106-2_Draft_2015Mar13_Redacted.pdf,336,False,chart
/content/drive/MyDrive/Mining documents/MiningData/YESAB Files/Reference Documents Requested in IR1 Question R1-175/TM_FieldSummary_106-2_Draft_2015Mar13_Redacted.pdf,337,False,table
/content/drive/MyDrive/Mining documents/MiningData/YESAB Files/Reference Documents Requested in IR1 Question R1-175/TM_FieldSummary_106-2_Draft_2015Mar13_Redacted.pdf,338,False,table
/content/drive/MyDrive/Mining documents/MiningData/YESAB Files/Reference Documents Requested in IR1 Question R1-175/TM_FieldSummary_106-2_Draft_2015Mar13_Redacted.pdf,339,False,chart
/content/drive/MyDrive/Mining documents/MiningData/YESAB Files/Reference Documents Requested in IR1 Question R1-175/TM_FieldSummary_106-2_Draft_2015Mar13_Redacted.pdf,340,False,table
/content/drive/MyDrive/Mining documents/MiningData/YESAB Files/Reference Documents Requested in IR1 Question R1-175/TM_FieldSummary_106-2_Draft_2015Mar13_Redacted.pdf,341,False,table
/content/drive/MyDrive/Mining documents/MiningData/YESAB Files/Reference Documents Requested in IR1 Question R1-175/TM_FieldSummary_106-2_Draft_2015Mar13_Redacted.pdf,342,False,chart
/content/drive/MyDrive/Mining documents/MiningData/YESAB Files/Reference Documents Requested in IR1 Question R1-175/TM_FieldSummary_106-2_Draft_2015Mar13_Redacted.pdf,344,False,table
/content/drive/MyDrive/Mining documents/MiningData/YESAB Files/Reference Documents Requested in IR1 Question R1-175/TM_FieldSummary_106-2_Draft_2015Mar13_Redacted.pdf,345,False,table
/content/drive/MyDrive/Mining documents/MiningData/YESAB Files/Reference Documents Requested in IR1 Question R1-175/TM_FieldSummary_106-2_Draft_2015Mar13_Redacted.pdf,346,False,table
/content/drive/MyDrive/Mining documents/MiningData/YESAB Files/Reference Documents Requested in IR1 Question R1-175/TM_FieldSummary_106-2_Draft_2015Mar13_Redacted.pdf,348,False,table
/content/drive/MyDrive/Mining documents/MiningData/YESAB Files/Reference Documents Requested in IR1 Question R1-175/TM_FieldSummary_106-2_Draft_2015Mar13_Redacted.pdf,350,False,table
/content/drive/MyDrive/Mining documents/MiningData/YESAB Files/Reference Documents Requested in IR1 Question R1-175/TM_FieldSummary_106-2_Draft_2015Mar13_Redacted.pdf,352,False,table
/content/drive/MyDrive/Mining documents/MiningData/YESAB Files/Reference Documents Requested in IR1 Question R1-175/TM_FieldSummary_106-2_Draft_2015Mar13_Redacted.pdf,354,False,table
/content/drive/MyDrive/Mining documents/MiningData/YESAB Files/Reference Documents Requested in IR1 Question R1-175/TM_FieldSummary_106-2_Draft_2015Mar13_Redacted.pdf,356,False,table
/content/drive/MyDrive/Mining documents/MiningData/YESAB Files/Reference Documents Requested in IR1 Question R1-175/TM_FieldSummary_106-2_Draft_2015Mar13_Redacted.pdf,358,False,table
/content/drive/MyDrive/Mining documents/MiningData/YESAB Files/Reference Documents Requested in IR1 Question R1-175/TM_FieldSummary_106-2_Draft_2015Mar13_Redacted.pdf,360,False,table
/content/drive/MyDrive/Mining documents/MiningData/YESAB Files/Reference Documents Requested in IR1 Question R1-175/TM_FieldSummary_106-2_Draft_2015Mar13_Redacted.pdf,362,False,table
/content/drive/MyDrive/Mining documents/MiningData/YESAB Files/Reference Documents Requested in IR1 Question R1-175/TM_FieldSummary_106-2_Draft_2015Mar13_Redacted.pdf,364,False,table
/content/drive/MyDrive/Mining documents/MiningData/YESAB Files/Reference Documents Requested in IR1 Question R1-175/TM_FieldSummary_106-2_Draft_2015Mar13_Redacted.pdf,366,False,table
/content/drive/MyDrive/Mining documents/MiningData/YESAB Files/Reference Documents Requested in IR1 Question R1-175/TM_FieldSummary_106-2_Draft_2015Mar13_Redacted.pdf,368,False,table
/content/drive/MyDrive/Mining documents/MiningData/YESAB Files/Reference Documents Requested in IR1 Question R1-175/TM_FieldSummary_106-2_Draft_2015Mar13_Redacted.pdf,370,False,table
/content/drive/MyDrive/Mining documents/MiningData/YESAB Files/Reference Documents Requested in IR1 Question R1-175/TM_FieldSummary_106-2_Draft_2015Mar13_Redacted.pdf,373,False,table
/content/drive/MyDrive/Mining documents/MiningData/YESAB Files/Reference Documents Requested in IR1 Question R1-175/TM_FieldSummary_106-2_Draft_2015Mar13_Redacted.pdf,374,False,table
/content/drive/MyDrive/Mining documents/MiningData/YESAB Files/Reference Documents Requested in IR1 Question R1-175/TM_FieldSummary_106-2_Draft_2015Mar13_Redacted.pdf,375,False,table
/content/drive/MyDrive/Mining documents/MiningData/YESAB Files/Reference Documents Requested in IR1 Question R1-175/TM_FieldSummary_106-2_Draft_2015Mar13_Redacted.pdf,375,False,chart
/content/drive/MyDrive/Mining documents/MiningData/YESAB Files/Reference Documents Requested in IR1 Question R1-175/TM_FieldSummary_106-2_Draft_2015Mar13_Redacted.pdf,376,False,table
/content/drive/MyDrive/Mining documents/MiningData/YESAB Files/Reference Documents Requested in IR1 Question R1-175/TM_FieldSummary_106-2_Draft_2015Mar13_Redacted.pdf,377,False,table
/content/drive/MyDrive/Mining documents/MiningData/YESAB Files/Reference Documents Requested in IR1 Question R1-175/TM_FieldSummary_106-2_Draft_2015Mar13_Redacted.pdf,377,False,chart
/content/drive/MyDrive/Mining documents/MiningData/YESAB Files/Reference Documents Requested in IR1 Question R1-175/TM_FieldSummary_106-2_Draft_2015Mar13_Redacted.pdf,378,False,table
/content/drive/MyDrive/Mining documents/MiningData/YESAB Files/Reference Documents Requested in IR1 Question R1-175/TM_FieldSummary_106-2_Draft_2015Mar13_Redacted.pdf,379,False,table
/content/drive/MyDrive/Mining documents/MiningData/YESAB Files/Reference Documents Requested in IR1 Question R1-175/TM_FieldSummary_106-2_Draft_2015Mar13_Redacted.pdf,379,False,chart
/content/drive/MyDrive/Mining documents/MiningData/YESAB Files/Reference Documents Requested in IR1 Question R1-175/TM_FieldSummary_106-2_Draft_2015Mar13_Redacted.pdf,380,False,table
/content/drive/MyDrive/Mining documents/MiningData/YESAB Files/Reference Documents Requested in IR1 Question R1-175/TM_FieldSummary_106-2_Draft_2015Mar13_Redacted.pdf,381,False,table
/content/drive/MyDrive/Mining documents/MiningData/YESAB Files/Reference Documents Requested in IR1 Question R1-175/TM_FieldSummary_106-2_Draft_2015Mar13_Redacted.pdf,381,False,chart
/content/drive/MyDrive/Mining documents/MiningData/YESAB Files/Reference Documents Requested in IR1 Question R1-175/TM_FieldSummary_106-2_Draft_2015Mar13_Redacted.pdf,382,False,table
/content/drive/MyDrive/Mining documents/MiningData/YESAB Files/Reference Documents Requested in IR1 Question R1-175/TM_FieldSummary_106-2_Draft_2015Mar13_Redacted.pdf,383,False,table
/content/drive/MyDrive/Mining documents/MiningData/YESAB Files/Reference Documents Requested in IR1 Question R1-175/TM_FieldSummary_106-2_Draft_2015Mar13_Redacted.pdf,383,False,chart
/content/drive/MyDrive/Mining documents/MiningData/YESAB Files/Reference Documents Requested in IR1 Question R1-175/TM_FieldSummary_106-2_Draft_2015Mar13_Redacted.pdf,386,False,other
/content/drive/MyDrive/Mining documents/MiningData/YESAB Files/Reference Documents Requested in IR1 Question R1-175/TM_FieldSummary_106-2_Draft_2015Mar13_Redacted.pdf,387,False,correspondence
/content/drive/MyDrive/Mining documents/MiningData/YESAB Files/Reference Documents Requested in IR1 Question R1-175/TM_FieldSummary_106-2_Draft_2015Mar13_Redacted.pdf,389,False,table
/content/drive/MyDrive/Mining documents/MiningData/YESAB Files/Reference Documents Requested in IR1 Question R1-175/TM_FieldSummary_106-2_Draft_2015Mar13_Redacted.pdf,390,False,table
/content/drive/MyDrive/Mining documents/MiningData/YESAB Files/Reference Documents Requested in IR1 Question R1-175/TM_FieldSummary_106-2_Draft_2015Mar13_Redacted.pdf,392,False,table
/content/drive/MyDrive/Mining documents/MiningData/YESAB Files/Reference Documents Requested in IR1 Question R1-175/TM_FieldSummary_106-2_Draft_2015Mar13_Redacted.pdf,393,False,table
/content/drive/MyDrive/Mining documents/MiningData/YESAB Files/Reference Documents Requested in IR1 Question R1-175/TM_FieldSummary_106-2_Draft_2015Mar13_Redacted.pdf,394,False,table
/content/drive/MyDrive/Mining documents/MiningData/YESAB Files/Reference Documents Requested in IR1 Question R1-175/TM_FieldSummary_106-2_Draft_2015Mar13_Redacted.pdf,395,False,table
/content/drive/MyDrive/Mining documents/MiningData/YESAB Files/Reference Documents Requested in IR1 Question R1-175/TM_FieldSummary_106-2_Draft_2015Mar13_Redacted.pdf,396,False,table
/content/drive/MyDrive/Mining documents/MiningData/YESAB Files/Reference Documents Requested in IR1 Question R1-175/TM_FieldSummary_106-2_Draft_2015Mar13_Redacted.pdf,397,False,table
/content/drive/MyDrive/Mining documents/MiningData/YESAB Files/Reference Documents Requested in IR1 Question R1-175/TM_FieldSummary_106-2_Draft_2015Mar13_Redacted.pdf,398,False,table
/content/drive/MyDrive/Mining documents/MiningData/YESAB Files/Reference Documents Requested in IR1 Question R1-175/TM_FieldSummary_106-2_Draft_2015Mar13_Redacted.pdf,399,False,table
/content/drive/MyDrive/Mining documents/MiningData/YESAB Files/Reference Documents Requested in IR1 Question R1-175/TM_FieldSummary_106-2_Draft_2015Mar13_Redacted.pdf,400,False,table
/content/drive/MyDrive/Mining documents/MiningData/YESAB Files/Reference Documents Requested in IR1 Question R1-175/TM_FieldSummary_106-2_Draft_2015Mar13_Redacted.pdf,401,False,table
/content/drive/MyDrive/Mining documents/MiningData/YESAB Files/Reference Documents Requested in IR1 Question R1-175/TM_FieldSummary_106-2_Draft_2015Mar13_Redacted.pdf,402,False,table
/content/drive/MyDrive/Mining documents/MiningData/YESAB Files/Reference Documents Requested in IR1 Question R1-175/TM_FieldSummary_106-2_Draft_2015Mar13_Redacted.pdf,403,False,table
/content/drive/MyDrive/Mining documents/MiningData/YESAB Files/Reference Documents Requested in IR1 Question R1-175/TM_FieldSummary_106-2_Draft_2015Mar13_Redacted.pdf,404,False,table
/content/drive/MyDrive/Mining documents/MiningData/YESAB Files/Reference Documents Requested in IR1 Question R1-175/TM_FieldSummary_106-2_Draft_2015Mar13_Redacted.pdf,405,False,table
/content/drive/MyDrive/Mining documents/MiningData/YESAB Files/Reference Documents Requested in IR1 Question R1-175/TM_FieldSummary_106-2_Draft_2015Mar13_Redacted.pdf,406,False,table
/content/drive/MyDrive/Mining documents/MiningData/YESAB Files/Reference Documents Requested in IR1 Question R1-175/TM_FieldSummary_106-2_Draft_2015Mar13_Redacted.pdf,408,False,table
/content/drive/MyDrive/Mining documents/MiningData/YESAB Files/Reference Documents Requested in IR1 Question R1-175/TM_FieldSummary_106-2_Draft_2015Mar13_Redacted.pdf,409,False,other
/content/drive/MyDrive/Mining documents/MiningData/YESAB Files/Reference Documents Requested in IR1 Question R1-175/TM_FieldSummary_106-2_Draft_2015Mar13_Redacted.pdf,410,False,other
/content/drive/MyDrive/Mining documents/MiningData/YESAB Files/Reference Documents Requested in IR1 Question R1-175/TM_FieldSummary_106-2_Draft_2015Mar13_Redacted.pdf,411,False,table
/content/drive/MyDrive/Mining documents/MiningData/YESAB Files/Reference Documents Requested in IR1 Question R1-175/TM_FieldSummary_106-2_Draft_2015Mar13_Redacted.pdf,412,False,table
/content/drive/MyDrive/Mining documents/MiningData/YESAB Files/Reference Documents Requested in IR1 Question R1-175/TM_FieldSummary_106-2_Draft_2015Mar13_Redacted.pdf,413,False,other
/content/drive/MyDrive/Mining documents/MiningData/YESAB Files/Reference Documents Requested in IR1 Question R1-175/TM_FieldSummary_106-2_Draft_2015Mar13_Redacted.pdf,414,False,table
/content/drive/MyDrive/Mining documents/MiningData/YESAB Files/Reference Documents Requested in IR1 Question R1-175/TM_FieldSummary_106-2_Draft_2015Mar13_Redacted.pdf,415,False,other
/content/drive/MyDrive/Mining documents/MiningData/YESAB Files/Reference Documents Requested in IR1 Question R1-175/TM_FieldSummary_106-2_Draft_2015Mar13_Redacted.pdf,416,True,other
/content/drive/MyDrive/Mining documents/MiningData/YESAB Files/Reference Documents Requested in IR1 Question R1-175/TM_FieldSummary_106-2_Draft_2015Mar13_Redacted.pdf,417,True,table
/content/drive/MyDrive/Mining documents/MiningData/YESAB Files/Reference Documents Requested in IR1 Question R1-175/TM_FieldSummary_106-2_Draft_2015Mar13_Redacted.pdf,418,True,table
/content/drive/MyDrive/Mining documents/MiningData/YESAB Files/Reference Documents Requested in IR1 Question R1-175/TM_FieldSummary_106-2_Draft_2015Mar13_Redacted.pdf,419,True,table
/content/drive/MyDrive/Mining documents/MiningData/YESAB Files/Reference Documents Requested in IR1 Question R1-175/TM_FieldSummary_106-2_Draft_2015Mar13_Redacted.pdf,420,False,other
/content/drive/MyDrive/Mining documents/MiningData/YESAB Files/Reference Documents Requested in IR1 Question R1-175/TM_FieldSummary_106-2_Draft_2015Mar13_Redacted.pdf,421,False,table
/content/drive/MyDrive/Mining documents/MiningData/YESAB Files/Reference Documents Requested in IR1 Question R1-175/TM_FieldSummary_106-2_Draft_2015Mar13_Redacted.pdf,422,False,table
/content/drive/MyDrive/Mining documents/MiningData/YESAB Files/Reference Documents Requested in IR1 Question R1-175/TM_FieldSummary_106-2_Draft_2015Mar13_Redacted.pdf,423,False,table
/content/drive/MyDrive/Mining documents/MiningData/YESAB Files/Reference Documents Requested in IR1 Question R1-175/TM_FieldSummary_106-2_Draft_2015Mar13_Redacted.pdf,424,False,table
/content/drive/MyDrive/Mining documents/MiningData/YESAB Files/Reference Documents Requested in IR1 Question R1-175/TM_FieldSummary_106-2_Draft_2015Mar13_Redacted.pdf,425,False,table
/content/drive/MyDrive/Mining documents/MiningData/YESAB Files/Reference Documents Requested in IR1 Question R1-175/TM_FieldSummary_106-2_Draft_2015Mar13_Redacted.pdf,426,False,table
/content/drive/MyDrive/Mining documents/MiningData/YESAB Files/Reference Documents Requested in IR1 Question R1-175/TM_FieldSummary_106-2_Draft_2015Mar13_Redacted.pdf,427,False,table
/content/drive/MyDrive/Mining documents/MiningData/YESAB Files/Reference Documents Requested in IR1 Question R1-175/TM_FieldSummary_106-2_Draft_2015Mar13_Redacted.pdf,428,False,table
/content/drive/MyDrive/Mining documents/MiningData/YESAB Files/Reference Documents Requested in IR1 Question R1-175/TM_FieldSummary_106-2_Draft_2015Mar13_Redacted.pdf,429,False,other
/content/drive/MyDrive/Mining documents/MiningData/YESAB Files/Reference Documents Requested in IR1 Question R1-175/TM_FieldSummary_106-2_Draft_2015Mar13_Redacted.pdf,430,False,table
/content/drive/MyDrive/Mining documents/MiningData/YESAB Files/Reference Documents Requested in IR1 Question R1-175/TM_FieldSummary_106-2_Draft_2015Mar13_Redacted.pdf,431,False,table
/content/drive/MyDrive/Mining documents/MiningData/YESAB Files/Reference Documents Requested in IR1 Question R1-175/TM_FieldSummary_106-2_Draft_2015Mar13_Redacted.pdf,432,False,table
/content/drive/MyDrive/Mining documents/MiningData/YESAB Files/Reference Documents Requested in IR1 Question R1-175/TM_FieldSummary_106-2_Draft_2015Mar13_Redacted.pdf,433,False,table
/content/drive/MyDrive/Mining documents/MiningData/YESAB Files/Reference Documents Requested in IR1 Question R1-175/TM_FieldSummary_106-2_Draft_2015Mar13_Redacted.pdf,434,False,table
/content/drive/MyDrive/Mining documents/MiningData/YESAB Files/Reference Documents Requested in IR1 Question R1-175/TM_FieldSummary_106-2_Draft_2015Mar13_Redacted.pdf,435,False,table
/content/drive/MyDrive/Mining documents/MiningData/YESAB Files/Reference Documents Requested in IR1 Question R1-175/TM_FieldSummary_106-2_Draft_2015Mar13_Redacted.pdf,436,False,table
/content/drive/MyDrive/Mining documents/MiningData/YESAB Files/Reference Documents Requested in IR1 Question R1-175/TM_FieldSummary_106-2_Draft_2015Mar13_Redacted.pdf,437,False,table
/content/drive/MyDrive/Mining documents/MiningData/YESAB Files/Reference Documents Requested in IR1 Question R1-175/TM_FieldSummary_106-2_Draft_2015Mar13_Redacted.pdf,438,False,table
/content/drive/MyDrive/Mining documents/MiningData/YESAB Files/Reference Documents Requested in IR1 Question R1-175/TM_FieldSummary_106-2_Draft_2015Mar13_Redacted.pdf,439,False,table
/content/drive/MyDrive/Mining documents/MiningData/YESAB Files/Reference Documents Requested in IR1 Question R1-175/TM_FieldSummary_106-2_Draft_2015Mar13_Redacted.pdf,440,False,table
/content/drive/MyDrive/Mining documents/MiningData/YESAB Files/Reference Documents Requested in IR1 Question R1-175/TM_FieldSummary_106-2_Draft_2015Mar13_Redacted.pdf,441,False,table
/content/drive/MyDrive/Mining documents/MiningData/YESAB Files/Reference Documents Requested in IR1 Question R1-175/TM_FieldSummary_106-2_Draft_2015Mar13_Redacted.pdf,442,False,table
/content/drive/MyDrive/Mining documents/MiningData/YESAB Files/Reference Documents Requested in IR1 Question R1-175/TM_FieldSummary_106-2_Draft_2015Mar13_Redacted.pdf,443,False,table
/content/drive/MyDrive/Mining documents/MiningData/YESAB Files/Reference Documents Requested in IR1 Question R1-175/TM_FieldSummary_106-2_Draft_2015Mar13_Redacted.pdf,444,False,table
/content/drive/MyDrive/Mining documents/MiningData/YESAB Files/Reference Documents Requested in IR1 Question R1-175/TM_FieldSummary_106-2_Draft_2015Mar13_Redacted.pdf,445,False,table
/content/drive/MyDrive/Mining documents/MiningData/YESAB Files/Reference Documents Requested in IR1 Question R1-175/TM_FieldSummary_106-2_Draft_2015Mar13_Redacted.pdf,446,False,table
/content/drive/MyDrive/Mining documents/MiningData/YESAB Files/Reference Documents Requested in IR1 Question R1-175/TM_FieldSummary_106-2_Draft_2015Mar13_Redacted.pdf,447,False,table
/content/drive/MyDrive/Mining documents/MiningData/YESAB Files/Reference Documents Requested in IR1 Question R1-175/TM_FieldSummary_106-2_Draft_2015Mar13_Redacted.pdf,448,True,other
/content/drive/MyDrive/Mining documents/MiningData/YESAB Files/Reference Documents Requested in IR1 Question R1-175/TM_FieldSummary_106-2_Draft_2015Mar13_Redacted.pdf,449,True,table
/content/drive/MyDrive/Mining documents/MiningData/YESAB Files/Reference Documents Requested in IR1 Question R1-175/TM_FieldSummary_106-2_Draft_2015Mar13_Redacted.pdf,450,True,table
/content/drive/MyDrive/Mining documents/MiningData/YESAB Files/Reference Documents Requested in IR1 Question R1-175/TM_FieldSummary_106-2_Draft_2015Mar13_Redacted.pdf,451,True,table
/content/drive/MyDrive/Mining documents/MiningData/YESAB Files/Reference Documents Requested in IR1 Question R1-175/TM_FieldSummary_106-2_Draft_2015Mar13_Redacted.pdf,452,False,other
/content/drive/MyDrive/Mining documents/MiningData/YESAB Files/Reference Documents Requested in IR1 Question R1-175/TM_FieldSummary_106-2_Draft_2015Mar13_Redacted.pdf,453,False,other
/content/drive/MyDrive/Mining documents/MiningData/YESAB Files/Reference Documents Requested in IR1 Question R1-175/TM_FieldSummary_106-2_Draft_2015Mar13_Redacted.pdf,454,False,other
/content/drive/MyDrive/Mining documents/MiningData/YESAB Files/Reference Documents Requested in IR1 Question R1-175/TM_FieldSummary_106-2_Draft_2015Mar13_Redacted.pdf,455,False,other
/content/drive/MyDrive/Mining documents/MiningData/YESAB Files/Reference Documents Requested in IR1 Question R1-175/TM_FieldSummary_106-2_Draft_2015Mar13_Redacted.pdf,456,False,other
/content/drive/MyDrive/Mining documents/MiningData/YESAB Files/Reference Documents Requested in IR1 Question R1-175/TM_FieldSummary_106-2_Draft_2015Mar13_Redacted.pdf,457,False,other
/content/drive/MyDrive/Mining documents/MiningData/YESAB Files/Reference Documents Requested in IR1 Question R1-175/TM_FieldSummary_106-2_Draft_2015Mar13_Redacted.pdf,458,False,other
/content/drive/MyDrive/Mining documents/MiningData/YESAB Files/Reference Documents Requested in IR1 Question R1-175/TM_FieldSummary_106-2_Draft_2015Mar13_Redacted.pdf,459,False,other
/content/drive/MyDrive/Mining documents/MiningData/YESAB Files/Reference Documents Requested in IR1 Question R1-175/TM_FieldSummary_106-2_Draft_2015Mar13_Redacted.pdf,460,False,other
/content/drive/MyDrive/Mining documents/MiningData/YESAB Files/Reference Documents Requested in IR1 Question R1-175/TM_FieldSummary_106-2_Draft_2015Mar13_Redacted.pdf,461,False,other
/content/drive/MyDrive/Mining documents/MiningData/YESAB Files/Reference Documents Requested in IR1 Question R1-175/TM_FieldSummary_106-2_Draft_2015Mar13_Redacted.pdf,462,False,other
/content/drive/MyDrive/Mining documents/MiningData/YESAB Files/Reference Documents Requested in IR1 Question R1-175/TM_FieldSummary_106-2_Draft_2015Mar13_Redacted.pdf,463,False,other
/content/drive/MyDrive/Mining documents/MiningData/YESAB Files/Reference Documents Requested in IR1 Question R1-175/TM_FieldSummary_106-2_Draft_2015Mar13_Redacted.pdf,464,False,other
/content/drive/MyDrive/Mining documents/MiningData/YESAB Files/Reference Documents Requested in IR1 Question R1-175/TM_FieldSummary_106-2_Draft_2015Mar13_Redacted.pdf,465,False,other
/content/drive/MyDrive/Mining documents/MiningData/YESAB Files/Reference Documents Requested in IR1 Question R1-175/TM_FieldSummary_106-2_Draft_2015Mar13_Redacted.pdf,466,False,other
/content/drive/MyDrive/Mining documents/MiningData/YESAB Files/Reference Documents Requested in IR1 Question R1-175/TM_FieldSummary_106-2_Draft_2015Mar13_Redacted.pdf,467,False,other
/content/drive/MyDrive/Mining documents/MiningData/YESAB Files/Reference Documents Requested in IR1 Question R1-175/TM_FieldSummary_106-2_Draft_2015Mar13_Redacted.pdf,468,False,other
/content/drive/MyDrive/Mining documents/MiningData/YESAB Files/Reference Documents Requested in IR1 Question R1-175/TM_FieldSummary_106-2_Draft_2015Mar13_Redacted.pdf,469,False,other
/content/drive/MyDrive/Mining documents/MiningData/YESAB Files/Reference Documents Requested in IR1 Question R1-175/TM_FieldSummary_106-2_Draft_2015Mar13_Redacted.pdf,470,False,other
/content/drive/MyDrive/Mining documents/MiningData/YESAB Files/Reference Documents Requested in IR1 Question R1-175/TM_FieldSummary_106-2_Draft_2015Mar13_Redacted.pdf,471,False,other
/content/drive/MyDrive/Mining documents/MiningData/YESAB Files/Reference Documents Requested in IR1 Question R1-175/TM_FieldSummary_106-2_Draft_2015Mar13_Redacted.pdf,472,False,other
/content/drive/MyDrive/Mining documents/MiningData/YESAB Files/Reference Documents Requested in IR1 Question R1-175/TM_FieldSummary_106-2_Draft_2015Mar13_Redacted.pdf,473,False,other
/content/drive/MyDrive/Mining documents/MiningData/YESAB Files/Reference Documents Requested in IR1 Question R1-175/TM_FieldSummary_106-2_Draft_2015Mar13_Redacted.pdf,474,False,other
/content/drive/MyDrive/Mining documents/MiningData/YESAB Files/Reference Documents Requested in IR1 Question R1-175/TM_FieldSummary_106-2_Draft_2015Mar13_Redacted.pdf,475,False,other
/content/drive/MyDrive/Mining documents/MiningData/YESAB Files/Reference Documents Requested in IR1 Question R1-175/TM_FieldSummary_106-2_Draft_2015Mar13_Redacted.pdf,476,False,other
/content/drive/MyDrive/Mining documents/MiningData/YESAB Files/Reference Documents Requested in IR1 Question R1-175/TM_FieldSummary_106-2_Draft_2015Mar13_Redacted.pdf,477,False,other
/content/drive/MyDrive/Mining documents/MiningData/YESAB Files/Reference Documents Requested in IR1 Question R1-175/TM_FieldSummary_106-2_Draft_2015Mar13_Redacted.pdf,478,False,other
/content/drive/MyDrive/Mining documents/MiningData/YESAB Files/Reference Documents Requested in IR1 Question R1-175/TM_FieldSummary_106-2_Draft_2015Mar13_Redacted.pdf,479,False,other
/content/drive/MyDrive/Mining documents/MiningData/YESAB Files/Reference Documents Requested in IR1 Question R1-175/TM_FieldSummary_106-2_Draft_2015Mar13_Redacted.pdf,480,False,table
/content/drive/MyDrive/Mining documents/MiningData/YESAB Files/Reference Documents Requested in IR1 Question R1-175/TM_FieldSummary_106-2_Draft_2015Mar13_Redacted.pdf,481,False,other
/content/drive/MyDrive/Mining documents/MiningData/YESAB Files/Reference Documents Requested in IR1 Question R1-175/TM_FieldSummary_106-2_Draft_2015Mar13_Redacted.pdf,482,False,table
/content/drive/MyDrive/Mining documents/MiningData/YESAB Files/Reference Documents Requested in IR1 Question R1-175/TM_FieldSummary_106-2_Draft_2015Mar13_Redacted.pdf,483,False,table
/content/drive/MyDrive/Mining documents/MiningData/YESAB Files/Reference Documents Requested in IR1 Question R1-175/TM_FieldSummary_106-2_Draft_2015Mar13_Redacted.pdf,484,False,table
/content/drive/MyDrive/Mining documents/MiningData/YESAB Files/Reference Documents Requested in IR1 Question R1-175/TM_FieldSummary_106-2_Draft_2015Mar13_Redacted.pdf,485,False,table
/content/drive/MyDrive/Mining documents/MiningData/YESAB Files/Reference Documents Requested in IR1 Question R1-175/TM_FieldSummary_106-2_Draft_2015Mar13_Redacted.pdf,486,False,table
/content/drive/MyDrive/Mining documents/MiningData/YESAB Files/Reference Documents Requested in IR1 Question R1-175/TM_FieldSummary_106-2_Draft_2015Mar13_Redacted.pdf,487,False,table
/content/drive/MyDrive/Mining documents/MiningData/YESAB Files/Reference Documents Requested in IR1 Question R1-175/TM_FieldSummary_106-2_Draft_2015Mar13_Redacted.pdf,488,False,table
/content/drive/MyDrive/Mining documents/MiningData/YESAB Files/Reference Documents Requested in IR1 Question R1-175/TM_FieldSummary_106-2_Draft_2015Mar13_Redacted.pdf,489,False,table
/content/drive/MyDrive/Mining documents/MiningData/YESAB Files/Reference Documents Requested in IR1 Question R1-175/TM_FieldSummary_106-2_Draft_2015Mar13_Redacted.pdf,490,False,table
/content/drive/MyDrive/Mining documents/MiningData/YESAB Files/Reference Documents Requested in IR1 Question R1-175/TM_FieldSummary_106-2_Draft_2015Mar13_Redacted.pdf,491,False,table
/content/drive/MyDrive/Mining documents/MiningData/YESAB Files/Reference Documents Requested in IR1 Question R1-175/TM_FieldSummary_106-2_Draft_2015Mar13_Redacted.pdf,492,False,table
/content/drive/MyDrive/Mining documents/MiningData/YESAB Files/Reference Documents Requested in IR1 Question R1-175/TM_FieldSummary_106-2_Draft_2015Mar13_Redacted.pdf,493,False,table
/content/drive/MyDrive/Mining documents/MiningData/YESAB Files/Reference Documents Requested in IR1 Question R1-175/TM_FieldSummary_106-2_Draft_2015Mar13_Redacted.pdf,494,False,table
/content/drive/MyDrive/Mining documents/MiningData/YESAB Files/Reference Documents Requested in IR1 Question R1-175/TM_FieldSummary_106-2_Draft_2015Mar13_Redacted.pdf,495,False,table
/content/drive/MyDrive/Mining documents/MiningData/YESAB Files/Reference Documents Requested in IR1 Question R1-175/TM_FieldSummary_106-2_Draft_2015Mar13_Redacted.pdf,496,False,table
/content/drive/MyDrive/Mining documents/MiningData/YESAB Files/Reference Documents Requested in IR1 Question R1-175/TM_FieldSummary_106-2_Draft_2015Mar13_Redacted.pdf,497,False,table
/content/drive/MyDrive/Mining documents/MiningData/YESAB Files/Reference Documents Requested in IR1 Question R1-175/TM_FieldSummary_106-2_Draft_2015Mar13_Redacted.pdf,498,False,table
/content/drive/MyDrive/Mining documents/MiningData/YESAB Files/Reference Documents Requested in IR1 Question R1-175/TM_FieldSummary_106-2_Draft_2015Mar13_Redacted.pdf,499,False,table
/content/drive/MyDrive/Mining documents/MiningData/YESAB Files/Reference Documents Requested in IR1 Question R1-175/TM_FieldSummary_106-2_Draft_2015Mar13_Redacted.pdf,500,True,other
/content/drive/MyDrive/Mining documents/MiningData/YESAB Files/Reference Documents Requested in IR1 Question R1-175/TM_FieldSummary_106-2_Draft_2015Mar13_Redacted.pdf,501,True,table
/content/drive/MyDrive/Mining documents/MiningData/YESAB Files/Reference Documents Requested in IR1 Question R1-175/TM_FieldSummary_106-2_Draft_2015Mar13_Redacted.pdf,502,True,table
/content/drive/MyDrive/Mining documents/MiningData/YESAB Files/Reference Documents Requested in IR1 Question R1-175/TM_FieldSummary_106-2_Draft_2015Mar13_Redacted.pdf,503,True,table
/content/drive/MyDrive/Mining documents/MiningData/YESAB Files/Reference Documents Requested in IR1 Question R1-175/TM_FieldSummary_106-2_Draft_2015Mar13_Redacted.pdf,504,True,other
/content/drive/MyDrive/Mining documents/MiningData/YESAB Files/Reference Documents Requested in IR1 Question R1-175/TM_FieldSummary_106-2_Draft_2015Mar13_Redacted.pdf,505,True,table
/content/drive/MyDrive/Mining documents/MiningData/YESAB Files/Reference Documents Requested in IR1 Question R1-175/TM_FieldSummary_106-2_Draft_2015Mar13_Redacted.pdf,506,True,table
/content/drive/MyDrive/Mining documents/MiningData/YESAB Files/Reference Documents Requested in IR1 Question R1-175/TM_FieldSummary_106-2_Draft_2015Mar13_Redacted.pdf,507,True,other
/content/drive/MyDrive/Mining documents/MiningData/YESAB Files/Reference Documents Requested in IR1 Question R1-175/TM_FieldSummary_106-2_Draft_2015Mar13_Redacted.pdf,508,True,table
/content/drive/MyDrive/Mining documents/MiningData/YESAB Files/Reference Documents Requested in IR1 Question R1-175/TM_FieldSummary_106-2_Draft_2015Mar13_Redacted.pdf,509,True,table
/content/drive/MyDrive/Mining documents/MiningData/YESAB Files/2023-04-06 Adequacy of IR 9 Response.pdf,1,False,correspondence
/content/drive/MyDrive/Mining documents/MiningData/YESAB Files/21-08-11 Letters IR4 Response Invitation to Comment.pdf,1,False,correspondence
/content/drive/MyDrive/Mining documents/MiningData/YESAB Files/21-08-11 Letters IR4 Response Invitation to Comment.pdf,2,False,correspondence
/content/drive/MyDrive/Mining documents/MiningData/YESAB Files/21-08-11 Letters IR4 Response Invitation to Comment.pdf,3,False,correspondence
/content/drive/MyDrive/Mining documents/MiningData/YESAB Files/21-08-11 Letters IR4 Response Invitation to Comment.pdf,4,False,correspondence
/content/drive/MyDrive/Mining documents/MiningData/YESAB Files/21-08-11 Letters IR4 Response Invitation to Comment.pdf,5,False,correspondence
/content/drive/MyDrive/Mining documents/MiningData/YESAB Files/21-08-11 Letters IR4 Response Invitation to Comment.pdf,6,False,correspondence
/content/drive/MyDrive/Mining documents/MiningData/YESAB Files/21-08-11 Letters IR4 Response Invitation to Comment.pdf,7,False,correspondence
/content/drive/MyDrive/Mining documents/MiningData/YESAB Files/Information Request No. 4/IR4 FINAL.pdf,1,False,other
/content/drive/MyDrive/Mining documents/MiningData/YESAB Files/Information Request No. 4/IR4 FINAL.pdf,2,False,other
/content/drive/MyDrive/Mining documents/MiningData/YESAB Files/Information Request No. 4/IR4 FINAL.pdf,3,False,other
/content/drive/MyDrive/Mining documents/MiningData/YESAB Files/Information Request No. 4/IR4 FINAL.pdf,4,True,other
/content/drive/MyDrive/Mining documents/MiningData/YESAB Files/Information Request No. 4/IR4 FINAL.pdf,5,False,other
/content/drive/MyDrive/Mining documents/MiningData/YESAB Files/Information Request No. 4/IR4 FINAL.pdf,6,False,table
/content/drive/MyDrive/Mining documents/MiningData/YESAB Files/Information Request No. 4/IR4 FINAL.pdf,7,False,table
/content/drive/MyDrive/Mining documents/MiningData/YESAB Files/Information Request No. 4/IR4 FINAL.pdf,8,False,other
/content/drive/MyDrive/Mining documents/MiningData/YESAB Files/Information Request No. 4/IR4 FINAL.pdf,9,False,other
/content/drive/MyDrive/Mining documents/MiningData/YESAB Files/Information Request No. 4/IR4 FINAL.pdf,10,False,table
/content/drive/MyDrive/Mining documents/MiningData/YESAB Files/Information Request No. 4/IR4 FINAL.pdf,11,False,table
/content/drive/MyDrive/Mining documents/MiningData/YESAB Files/Information Request No. 4/IR4 FINAL.pdf,12,False,table
/content/drive/MyDrive/Mining documents/MiningData/YESAB Files/Information Request No. 4/IR4 FINAL.pdf,13,False,table
/content/drive/MyDrive/Mining documents/MiningData/YESAB Files/Information Request No. 4/IR4 FINAL.pdf,14,False,table
/content/drive/MyDrive/Mining documents/MiningData/YESAB Files/Information Request No. 4/IR4 FINAL.pdf,15,False,table
/content/drive/MyDrive/Mining documents/MiningData/YESAB Files/Information Request No. 4/IR4 FINAL.pdf,16,False,table
/content/drive/MyDrive/Mining documents/MiningData/YESAB Files/Information Request No. 4/IR4 FINAL.pdf,17,False,table
/content/drive/MyDrive/Mining documents/MiningData/YESAB Files/Information Request No. 4/IR4 FINAL.pdf,18,False,table
/content/drive/MyDrive/Mining documents/MiningData/YESAB Files/Information Request No. 4/IR4 FINAL.pdf,19,False,table
/content/drive/MyDrive/Mining documents/MiningData/YESAB Files/Information Request No. 4/IR4 FINAL.pdf,20,False,table
/content/drive/MyDrive/Mining documents/MiningData/YESAB Files/Information Request No. 4/IR4 FINAL.pdf,21,False,table
/content/drive/MyDrive/Mining documents/MiningData/YESAB Files/Information Request No. 4/IR4 FINAL.pdf,22,False,table
/content/drive/MyDrive/Mining documents/MiningData/YESAB Files/Information Request No. 4/IR4 FINAL.pdf,23,False,table
/content/drive/MyDrive/Mining documents/MiningData/YESAB Files/Information Request No. 4/IR4 FINAL.pdf,24,False,table
/content/drive/MyDrive/Mining documents/MiningData/YESAB Files/Information Request No. 4/IR4 FINAL.pdf,25,False,table
/content/drive/MyDrive/Mining documents/MiningData/YESAB Files/Information Request No. 4/IR4 FINAL.pdf,26,False,table
/content/drive/MyDrive/Mining documents/MiningData/YESAB Files/Information Request No. 4/IR4 FINAL.pdf,27,False,table
/content/drive/MyDrive/Mining documents/MiningData/YESAB Files/Information Request No. 4/IR4 FINAL.pdf,28,False,table
/content/drive/MyDrive/Mining documents/MiningData/YESAB Files/Information Request No. 4/IR4 FINAL.pdf,29,False,table
/content/drive/MyDrive/Mining documents/MiningData/YESAB Files/Information Request No. 4/IR4 FINAL.pdf,30,False,table
/content/drive/MyDrive/Mining documents/MiningData/YESAB Files/Information Request No. 4/IR4 FINAL.pdf,31,False,table
/content/drive/MyDrive/Mining documents/MiningData/YESAB Files/IR6 Final.pdf,1,False,other
/content/drive/MyDrive/Mining documents/MiningData/YESAB Files/IR6 Final.pdf,2,False,other
/content/drive/MyDrive/Mining documents/MiningData/YESAB Files/IR6 Final.pdf,3,False,other
/content/drive/MyDrive/Mining documents/MiningData/YESAB Files/IR6 Final.pdf,4,True,other
/content/drive/MyDrive/Mining documents/MiningData/YESAB Files/IR6 Final.pdf,5,False,table
/content/drive/MyDrive/Mining documents/MiningData/YESAB Files/IR6 Final.pdf,6,False,table
/content/drive/MyDrive/Mining documents/MiningData/YESAB Files/IR6 Final.pdf,7,False,table
/content/drive/MyDrive/Mining documents/MiningData/YESAB Files/IR6 Final.pdf,8,False,table
/content/drive/MyDrive/Mining documents/MiningData/YESAB Files/IR6 Final.pdf,9,False,table
/content/drive/MyDrive/Mining documents/MiningData/YESAB Files/IR6 Final.pdf,10,False,table
/content/drive/MyDrive/Mining documents/MiningData/YESAB Files/IR6 Final.pdf,11,False,table
/content/drive/MyDrive/Mining documents/MiningData/YESAB Files/IR6 Final.pdf,12,False,table
/content/drive/MyDrive/Mining documents/MiningData/YESAB Files/IR6 Final.pdf,13,False,table
/content/drive/MyDrive/Mining documents/MiningData/YESAB Files/IR6 Final.pdf,14,False,table
/content/drive/MyDrive/Mining documents/MiningData/YESAB Files/IR6 Final.pdf,15,False,table
/content/drive/MyDrive/Mining documents/MiningData/YESAB Files/IR6 Final.pdf,16,False,table
/content/drive/MyDrive/Mining documents/MiningData/YESAB Files/Adaptive Management Plan Technical Session/TM2021Mar22-Faro AMP Workshop R1.pdf,1,False,correspondence
